Time,Value ,Value_2ND , ,DateTime : ( 19 / 09 / 02 -- 10 : 32 : 56 )  - DCV NONE
10:32:56:860,0.014847768, ,,
10:32:56:970,0.014505219, ,,
10:32:57:079,0.014354968, ,,
10:32:57:190,0.014406733, ,,
10:32:57:410,0.014637318, ,,
10:32:57:429,0.014827138, ,,
10:32:57:520,0.014181054, ,,
10:32:57:630,0.014700566, ,,
10:32:57:740,0.014883082, ,,
10:32:57:850,0.014932384, ,,
10:32:57:959,0.014493104, ,,
10:32:58:059,0.014439595, ,,
10:32:58:169,0.014728573, ,,
10:32:58:279,0.015165578, ,,
10:32:58:510,0.014541144, ,,
10:32:58:530,0.015193462, ,,
10:32:58:610,0.015032112, ,,
10:32:58:720,0.014887957, ,,
10:32:58:829,0.015326104, ,,
10:32:58:940,0.015795171, ,,
10:32:59:050,0.015114984, ,,
10:32:59:160,0.015158218, ,,
10:32:59:270,0.015354117, ,,
10:32:59:379,0.01556883, ,,
10:32:59:609,0.015417971, ,,
10:32:59:629,0.01506979, ,,
10:32:59:709,0.015086832, ,,
10:32:59:809,0.014778368, ,,
10:32:59:919,0.015299387, ,,
10:33:00:029,0.015813418, ,,
10:33:00:139,0.015324882, ,,
10:33:00:249,0.014789933, ,,
10:33:00:359,0.015161862, ,,
10:33:00:469,0.015730088, ,,
10:33:00:579,0.015887621, ,,
10:33:00:719,0.015149757, ,,
10:33:00:799,0.014956738, ,,
10:33:00:909,0.015121131, ,,
10:33:01:019,0.01564559, ,,
10:33:01:129,0.015146104, ,,
10:33:01:240,0.014743795, ,,
10:33:01:350,0.015022421, ,,
10:33:01:459,0.015379139, ,,
10:33:01:560,0.015465453, ,,
10:33:01:670,0.015437515, ,,
10:33:02:000,0.015193514, ,,
10:33:02:020,0.014783894, ,,
10:33:02:110,0.015610816, ,,
10:33:02:219,0.015534178, ,,
10:33:02:330,0.015115594, ,,
10:33:02:440,0.014775374, ,,
10:33:02:550,0.015058877, ,,
10:33:02:660,0.015269549, ,,
10:33:02:770,0.014729174, ,,
10:33:02:909,0.014784515, ,,
10:33:02:989,0.014788773, ,,
10:33:03:099,0.015256154, ,,
10:33:03:209,0.015375424, ,,
10:33:03:319,0.015154011, ,,
10:33:03:419,0.014807043, ,,
10:33:03:529,0.01447483, ,,
10:33:03:639,0.01535533, ,,
10:33:03:749,0.01534011, ,,
10:33:03:859,0.015226395, ,,
10:33:04:010,0.014564264, ,,
10:33:04:080,0.014648272, ,,
10:33:04:189,0.015043056, ,,
10:33:04:299,0.015100898, ,,
10:33:04:409,0.014759013, ,,
10:33:04:519,0.014010045, ,,
10:33:04:629,0.014653147, ,,
10:33:04:739,0.015119918, ,,
10:33:04:849,0.015073494, ,,
10:33:04:959,0.014458469, ,,
10:33:05:110,0.015146091, ,,
10:33:05:169,0.014695082, ,,
10:33:05:280,0.015186814, ,,
10:33:05:390,0.015455776, ,,
10:33:05:500,0.015632133, ,,
10:33:05:610,0.014995634, ,,
10:33:05:720,0.014797301, ,,
10:33:05:830,0.015461186, ,,
10:33:05:940,0.015776347, ,,
10:33:06:050,0.015396722, ,,
10:33:06:210,0.015677722, ,,
10:33:06:270,0.015221458, ,,
10:33:06:379,0.01612243, ,,
10:33:06:489,0.016058566, ,,
10:33:06:600,0.015647962, ,,
10:33:06:710,0.015680766, ,,
10:33:06:809,0.015140555, ,,
10:33:06:920,0.015301762, ,,
10:33:07:029,0.015029058, ,,
10:33:07:140,0.014505218, ,,
10:33:07:490,0.012846886, ,,
10:33:07:520,0.012899175, ,,
10:33:07:580,0.013362738, ,,
10:33:07:690,0.013555613, ,,
10:33:07:800,0.013000784, ,,
10:33:07:910,0.013585432, ,,
10:33:08:020,0.013839715, ,,
10:33:08:130,0.013712536, ,,
10:33:08:240,0.012823138, ,,
10:33:08:410,0.012702673, ,,
10:33:08:460,0.012526858, ,,
10:33:08:560,0.012447167, ,,
10:33:08:670,0.01291136, ,,
10:33:08:780,0.012916226, ,,
10:33:08:890,0.012428913, ,,
10:33:09:000,0.012792089, ,,
10:33:09:110,0.013659035, ,,
10:33:09:220,0.013477142, ,,
10:33:09:330,0.013053742, ,,
10:33:09:510,0.012834102, ,,
10:33:09:550,0.013080458, ,,
10:33:09:660,0.013088378, ,,
10:33:09:770,0.012916827, ,,
10:33:09:880,0.012612018, ,,
10:33:09:990,0.012787902, ,,
10:33:10:100,0.013006262, ,,
10:33:10:210,0.013522731, ,,
10:33:10:320,0.012694753, ,,
10:33:10:420,0.012652207, ,,
10:33:10:610,0.012791495, ,,
10:33:10:640,0.012796973, ,,
10:33:10:750,0.013191756, ,,
10:33:10:860,0.012846827, ,,
10:33:10:970,0.012319934, ,,
10:33:11:080,0.012875984, ,,
10:33:11:190,0.012868065, ,,
10:33:11:300,0.012877807, ,,
10:33:11:410,0.01271668, ,,
10:33:11:520,0.01278662, ,,
10:33:11:710,0.013182067, ,,
10:33:11:740,0.013104809, ,,
10:33:11:850,0.012967293, ,,
10:33:11:960,0.012273185, ,,
10:33:12:060,0.012445954, ,,
10:33:12:170,0.012476325, ,,
10:33:12:280,0.01275496, ,,
10:33:12:390,0.013377967, ,,
10:33:12:500,0.012861496, ,,
10:33:12:610,0.012218395, ,,
10:33:12:990,0.012772011, ,,
10:33:13:010,0.012560951, ,,
10:33:13:210,0.013241053, ,,
10:33:13:270,0.012571906, ,,
10:33:13:380,0.01321487, ,,
10:33:13:490,0.013016545, ,,
10:33:13:600,0.013076804, ,,
10:33:13:710,0.013325009, ,,
10:33:13:910,0.013020251, ,,
10:33:13:930,0.013534907, ,,
10:33:14:030,0.01350507, ,,
10:33:14:140,0.013703482, ,,
10:33:14:250,0.013318371, ,,
10:33:14:360,0.013611614, ,,
10:33:14:470,0.013671821, ,,
10:33:14:580,0.012542078, ,,
10:33:14:690,0.012305987, ,,
10:33:14:800,0.013526995, ,,
10:33:15:010,0.013304974, ,,
10:33:15:030,0.013327502, ,,
10:33:15:200,0.013499042, ,,
10:33:15:240,0.013002004, ,,
10:33:15:350,0.013300709, ,,
10:33:15:460,0.013669379, ,,
10:33:15:560,0.014196203, ,,
10:33:15:670,0.015645579, ,,
10:33:15:780,0.014911678, ,,
10:33:15:890,0.016118835, ,,
10:33:16:110,0.016982126, ,,
10:33:16:130,0.01664748, ,,
10:33:16:220,0.016854886, ,,
10:33:16:330,0.015992282, ,,
10:33:16:440,0.015952702, ,,
10:33:16:550,0.0164528, ,,
10:33:16:660,0.016106659, ,,
10:33:16:770,0.015879098, ,,
10:33:16:880,0.015464166, ,,
10:33:16:990,0.015993493, ,,
10:33:17:210,0.016102395, ,,
10:33:17:230,0.016225302, ,,
10:33:17:320,0.015609054, ,,
10:33:17:420,0.015688738, ,,
10:33:17:530,0.015479448, ,,
10:33:17:640,0.01549711, ,,
10:33:17:750,0.016607971, ,,
10:33:17:860,0.016068371, ,,
10:33:17:970,0.015756864, ,,
10:33:18:080,0.016032446, ,,
10:33:18:490,0.015829237, ,,
10:33:18:510,0.015197098, ,,
10:33:18:540,0.015645522, ,,
10:33:18:630,0.015782374, ,,
10:33:18:740,0.0159734, ,,
10:33:18:850,0.015336446, ,,
10:33:18:960,0.014942064, ,,
10:33:19:070,0.014967026, ,,
10:33:19:180,0.015473902, ,,
10:33:19:280,0.015759846, ,,
10:33:19:420,0.015547574, ,,
10:33:19:500,0.01527747, ,,
10:33:19:610,0.015271992, ,,
10:33:19:720,0.014848376, ,,
10:33:19:830,0.01528843, ,,
10:33:19:940,0.015374813, ,,
10:33:20:050,0.014743182, ,,
10:33:20:160,0.014369584, ,,
10:33:20:270,0.015026075, ,,
10:33:20:380,0.015005378, ,,
10:33:20:520,0.014734659, ,,
10:33:20:600,0.014847765, ,,
10:33:20:710,0.014771726, ,,
10:33:20:810,0.014737093, ,,
10:33:20:920,0.014753533, ,,
10:33:21:030,0.015430152, ,,
10:33:21:140,0.014785734, ,,
10:33:21:250,0.01423395, ,,
10:33:21:360,0.014406712, ,,
10:33:21:470,0.014861162, ,,
10:33:21:610,0.014792424, ,,
10:33:21:690,0.014394597, ,,
10:33:21:800,0.014308766, ,,
10:33:21:910,0.014446893, ,,
10:33:22:020,0.014744394, ,,
10:33:22:130,0.01458435, ,,
10:33:22:240,0.014024043, ,,
10:33:22:350,0.014308155, ,,
10:33:22:460,0.01481252, ,,
10:33:22:560,0.014690816, ,,
10:33:22:710,0.014235104, ,,
10:33:22:780,0.014291656, ,,
10:33:22:890,0.014114086, ,,
10:33:23:000,0.014277658, ,,
10:33:23:110,0.014655522, ,,
10:33:23:220,0.014232059, ,,
10:33:23:330,0.013871307, ,,
10:33:23:440,0.014101912, ,,
10:33:23:550,0.01427157, ,,
10:33:23:660,0.014710853, ,,
10:33:23:990,0.014742517, ,,
10:33:24:010,0.014056242, ,,
10:33:24:100,0.014518002, ,,
10:33:24:210,0.014264946, ,,
10:33:24:320,0.014029466, ,,
10:33:24:420,0.014070248, ,,
10:33:24:530,0.013483166, ,,
10:33:24:640,0.014153595, ,,
10:33:24:750,0.014527742, ,,
10:33:24:910,0.01398508, ,,
10:33:24:970,0.013864056, ,,
10:33:25:080,0.01376855, ,,
10:33:25:190,0.014518059, ,,
10:33:25:300,0.014354352, ,,
10:33:25:410,0.013861622, ,,
10:33:25:520,0.013559874, ,,
10:33:25:630,0.013946181, ,,
10:33:25:740,0.014075115, ,,
10:33:25:850,0.014038046, ,,
10:33:26:010,0.014460898, ,,
10:33:26:070,0.013715584, ,,
10:33:26:180,0.014445677, ,,
10:33:26:290,0.014137824, ,,
10:33:26:390,0.01405448, ,,
10:33:26:500,0.013567166, ,,
10:33:26:610,0.013267902, ,,
10:33:26:720,0.013836739, ,,
10:33:26:830,0.014180446, ,,
10:33:26:940,0.013839784, ,,
10:33:27:110,0.01411835, ,,
10:33:27:200,0.013698002, ,,
10:33:27:270,0.013489315, ,,
10:33:27:380,0.013407191, ,,
10:33:27:490,0.013447302, ,,
10:33:27:600,0.013016542, ,,
10:33:27:710,0.013278805, ,,
10:33:27:820,0.013562309, ,,
10:33:27:930,0.01354891, ,,
10:33:28:030,0.01352455, ,,
10:33:28:210,0.013396838, ,,
10:33:28:250,0.012871166, ,,
10:33:28:360,0.013497218, ,,
10:33:28:470,0.013458867, ,,
10:33:28:580,0.013345771, ,,
10:33:28:690,0.013375531, ,,
10:33:28:800,0.0129679, ,,
10:33:28:910,0.013399882, ,,
10:33:29:020,0.013676685, ,,
10:33:29:130,0.013273329, ,,
10:33:29:490,0.013529427, ,,
10:33:29:520,0.013398669, ,,
10:33:29:570,0.013301318, ,,
10:33:29:680,0.012904658, ,,
10:33:29:790,0.013231918, ,,
10:33:29:890,0.013067135, ,,
10:33:30:000,0.013387096, ,,
10:33:30:110,0.013581774, ,,
10:33:30:220,0.013130998, ,,
10:33:30:410,0.013135873, ,,
10:33:30:440,0.013106638, ,,
10:33:30:550,0.013847014, ,,
10:33:30:660,0.013627442, ,,
10:33:30:770,0.012917444, ,,
10:33:30:880,0.013095073, ,,
10:33:30:990,0.013395625, ,,
10:33:31:100,0.013573253, ,,
10:33:31:210,0.013165624, ,,
10:33:31:310,0.013478962, ,,
10:33:31:510,0.013531258, ,,
10:33:31:530,0.012991649, ,,
10:33:31:640,0.0132508, ,,
10:33:31:750,0.013080402, ,,
10:33:31:860,0.012709367, ,,
10:33:31:970,0.012599178, ,,
10:33:32:080,0.012800546, ,,
10:33:32:190,0.013057942, ,,
10:33:32:300,0.013064642, ,,
10:33:32:410,0.012426476, ,,
10:33:32:610,0.01302208, ,,
10:33:32:630,0.01308533, ,,
10:33:32:740,0.013059225, ,,
10:33:32:850,0.012655258, ,,
10:33:32:960,0.012583476, ,,
10:33:33:070,0.01281096, ,,
10:33:33:180,0.012969791, ,,
10:33:33:280,0.013016602, ,,
10:33:33:390,0.012945433, ,,
10:33:33:500,0.012481258, ,,
10:33:33:710,0.012850478, ,,
10:33:33:730,0.012926516, ,,
10:33:33:830,0.013227051, ,,
10:33:33:940,0.01295207, ,,
10:33:34:050,0.012274344, ,,
10:33:34:160,0.013234962, ,,
10:33:34:270,0.013369375, ,,
10:33:34:380,0.01313398, ,,
10:33:34:490,0.012979474, ,,
10:33:34:600,0.012866231, ,,
10:33:34:990,0.013292182, ,,
10:33:35:010,0.013289742, ,,
10:33:35:040,0.012995362, ,,
10:33:35:140,0.012728222, ,,
10:33:35:250,0.0127745, ,,
10:33:35:360,0.013044606, ,,
10:33:35:470,0.013271555, ,,
10:33:35:580,0.012910133, ,,
10:33:35:690,0.0130647, ,,
10:33:35:910,0.013309173, ,,
10:33:35:930,0.013097453, ,,
10:33:36:020,0.013070736, ,,
10:33:36:130,0.01278419, ,,
10:33:36:240,0.012120444, ,,
10:33:36:350,0.012915009, ,,
10:33:36:460,0.012942334, ,,
10:33:36:570,0.012693536, ,,
10:33:36:680,0.01278358, ,,
10:33:36:780,0.012393594, ,,
10:33:37:010,0.012815162, ,,
10:33:37:210,0.012879075, ,,
10:33:37:230,0.012580371, ,,
10:33:37:330,0.012285905, ,,
10:33:37:440,0.013174151, ,,
10:33:37:550,0.01275861, ,,
10:33:37:660,0.012663089, ,,
10:33:37:770,0.012262156, ,,
10:33:37:880,0.012559056, ,,
10:33:38:110,0.012550595, ,,
10:33:38:130,0.012931449, ,,
10:33:38:210,0.012784854, ,,
10:33:38:310,0.012918662, ,,
10:33:38:420,0.012598626, ,,
10:33:38:530,0.012877253, ,,
10:33:38:640,0.013343336, ,,
10:33:38:750,0.013309235, ,,
10:33:38:860,0.012803658, ,,
10:33:38:970,0.012559735, ,,
10:33:39:080,0.012921706, ,,
10:33:39:220,0.013164409, ,,
10:33:39:300,0.013014709, ,,
10:33:39:410,0.012511033, ,,
10:33:39:520,0.012358296, ,,
10:33:39:630,0.01333718, ,,
10:33:39:740,0.012916833, ,,
10:33:39:850,0.012285304, ,,
10:33:39:960,0.01263449, ,,
10:33:40:070,0.013037847, ,,
10:33:40:170,0.01282125, ,,
10:33:40:500,0.012248218, ,,
10:33:40:520,0.012800605, ,,
10:33:40:610,0.012451358, ,,
10:33:40:720,0.012866366, ,,
10:33:40:830,0.012817655, ,,
10:33:40:940,0.012121656, ,,
10:33:41:050,0.012184296, ,,
10:33:41:160,0.01263393, ,,
10:33:41:270,0.013096282, ,,
10:33:41:410,0.012654558, ,,
10:33:41:490,0.012172782, ,,
10:33:41:600,0.012488555, ,,
10:33:41:710,0.013112722, ,,
10:33:41:820,0.013458864, ,,
10:33:41:920,0.013116378, ,,
10:33:42:030,0.012614446, ,,
10:33:42:140,0.012848705, ,,
10:33:42:250,0.012756838, ,,
10:33:42:360,0.012537198, ,,
10:33:42:510,0.012693526, ,,
10:33:42:580,0.012168466, ,,
10:33:42:690,0.012350978, ,,
10:33:42:800,0.01323557, ,,
10:33:42:910,0.013213058, ,,
10:33:43:020,0.012504334, ,,
10:33:43:130,0.012647267, ,,
10:33:43:240,0.01265639, ,,
10:33:43:350,0.013003822, ,,
10:33:43:460,0.012768954, ,,
10:33:43:610,0.012433834, ,,
10:33:43:670,0.012699675, ,,
10:33:43:780,0.012675926, ,,
10:33:43:890,0.012927785, ,,
10:33:44:000,0.013252071, ,,
10:33:44:110,0.013020855, ,,
10:33:44:220,0.012438702, ,,
10:33:44:330,0.012840184, ,,
10:33:44:440,0.013147358, ,,
10:33:44:550,0.012852358, ,,
10:33:44:710,0.013225225, ,,
10:33:44:770,0.012405167, ,,
10:33:44:880,0.01266492, ,,
10:33:44:990,0.012588822, ,,
10:33:45:100,0.012593698, ,,
10:33:45:210,0.012678918, ,,
10:33:45:320,0.012487293, ,,
10:33:45:430,0.013099884, ,,
10:33:45:530,0.012800553, ,,
10:33:45:640,0.01330735, ,,
10:33:45:990,0.012121662, ,,
10:33:46:010,0.012683791, ,,
10:33:46:080,0.01291135, ,,
10:33:46:190,0.012369858, ,,
10:33:46:300,0.012092435, ,,
10:33:46:410,0.01212836, ,,
10:33:46:520,0.012577324, ,,
10:33:46:630,0.012435604, ,,
10:33:46:740,0.012551142, ,,
10:33:46:910,0.012538416, ,,
10:33:46:960,0.012427082, ,,
10:33:47:070,0.013273324, ,,
10:33:47:180,0.012759278, ,,
10:33:47:290,0.012406987, ,,
10:33:47:390,0.012245782, ,,
10:33:47:500,0.012304158, ,,
10:33:47:610,0.012691091, ,,
10:33:47:720,0.012935625, ,,
10:33:47:830,0.012803035, ,,
10:33:48:010,0.012164886, ,,
10:33:48:050,0.012150887, ,,
10:33:48:160,0.012933269, ,,
10:33:48:270,0.01273005, ,,
10:33:48:380,0.012262833, ,,
10:33:48:490,0.012324862, ,,
10:33:48:600,0.012333995, ,,
10:33:48:710,0.013102986, ,,
10:33:48:810,0.012548158, ,,
10:33:48:920,0.012548769, ,,
10:33:49:110,0.012631495, ,,
10:33:49:210,0.01225917, ,,
10:33:49:250,0.012675262, ,,
10:33:49:360,0.012938669, ,,
10:33:49:470,0.012406986, ,,
10:33:49:580,0.012286574, ,,
10:33:49:690,0.012372275, ,,
10:33:49:800,0.012850534, ,,
10:33:49:910,0.012708753, ,,
10:33:50:020,0.012431338, ,,
10:33:50:210,0.012553025, ,,
10:33:50:240,0.012512844, ,,
10:33:50:350,0.012684402, ,,
10:33:50:460,0.012119222, ,,
10:33:50:570,0.012370529, ,,
10:33:50:670,0.01233034, ,,
10:33:50:780,0.012349214, ,,
10:33:50:890,0.012783576, ,,
10:33:51:000,0.012670395, ,,
10:33:51:110,0.012429515, ,,
10:33:51:490,0.012086416, ,,
10:33:51:520,0.012139925, ,,
10:33:51:550,0.012618105, ,,
10:33:51:660,0.012213587, ,,
10:33:51:770,0.01187895, ,,
10:33:51:880,0.012643066, ,,
10:33:52:000,0.012756842, ,,
10:33:52:100,0.012219675, ,,
10:33:52:210,0.01233156, ,,
10:33:52:410,0.01221474, ,,
10:33:52:430,0.01291196, ,,
10:33:52:530,0.012731211, ,,
10:33:52:640,0.01288638, ,,
10:33:52:750,0.012176382, ,,
10:33:52:860,0.012120442, ,,
10:33:52:970,0.012970336, ,,
10:33:53:080,0.012995909, ,,
10:33:53:190,0.012725725, ,,
10:33:53:300,0.012298147, ,,
10:33:53:504,0.012517649, ,,
10:33:53:524,0.01256697, ,,
10:33:53:624,0.013218515, ,,
10:33:53:734,0.013072555, ,,
10:33:53:844,0.012441078, ,,
10:33:53:954,0.012669782, ,,
10:33:54:064,0.012934411, ,,
10:33:54:174,0.012812114, ,,
10:33:54:284,0.012493978, ,,
10:33:54:394,0.012163596, ,,
10:33:54:604,0.01299043, ,,
10:33:54:624,0.012422205, ,,
10:33:54:724,0.012772062, ,,
10:33:54:834,0.012069366, ,,
10:33:54:944,0.012180089, ,,
10:33:55:044,0.012183742, ,,
10:33:55:154,0.012598613, ,,
10:33:55:264,0.012752578, ,,
10:33:55:374,0.012389935, ,,
10:33:55:484,0.01213566, ,,
10:33:55:704,0.012571846, ,,
10:33:55:724,0.012375326, ,,
10:33:55:814,0.012844995, ,,
10:33:55:924,0.012406986, ,,
10:33:56:034,0.012231182, ,,
10:33:56:144,0.012553582, ,,
10:33:56:254,0.012778098, ,,
10:33:56:364,0.012228138, ,,
10:33:56:474,0.012155154, ,,
10:33:56:584,0.012489722, ,,
10:33:56:994,0.012158187, ,,
10:33:57:014,0.012141145, ,,
10:33:57:124,0.01166783, ,,
10:33:57:234,0.01244837, ,,
10:33:57:344,0.012707538, ,,
10:33:57:454,0.012612018, ,,
10:33:57:564,0.012018909, ,,
10:33:57:674,0.012307198, ,,
10:33:57:904,0.011896534, ,,
10:33:57:924,0.01261323, ,,
10:33:58:004,0.012108256, ,,
10:33:58:114,0.012029785, ,,
10:33:58:224,0.012077895, ,,
10:33:58:334,0.01213688, ,,
10:33:58:444,0.012203174, ,,
10:33:58:544,0.012438645, ,,
10:33:58:654,0.0116982, ,,
10:33:58:764,0.012313287, ,,
10:33:58:874,0.012360176, ,,
10:33:59:014,0.012770178, ,,
10:33:59:094,0.012422205, ,,
10:33:59:204,0.011631295, ,,
10:33:59:314,0.012010927, ,,
10:33:59:424,0.012491544, ,,
10:33:59:534,0.012134446, ,,
10:33:59:644,0.011628862, ,,
10:33:59:754,0.011791898, ,,
10:33:59:864,0.012253638, ,,
10:33:59:974,0.012212916, ,,
10:34:00:114,0.012090002, ,,
10:34:00:194,0.011344138, ,,
10:34:00:304,0.012144182, ,,
10:34:00:404,0.011968909, ,,
10:34:00:514,0.012180638, ,,
10:34:00:624,0.012779911, ,,
10:34:00:734,0.01184606, ,,
10:34:00:844,0.011521174, ,,
10:34:00:954,0.012110689, ,,
10:34:01:064,0.012698398, ,,
10:34:01:204,0.012249434, ,,
10:34:01:284,0.012180035, ,,
10:34:01:394,0.011506625, ,,
10:34:01:504,0.012028573, ,,
10:34:01:614,0.012333993, ,,
10:34:01:724,0.012106433, ,,
10:34:01:834,0.011686687, ,,
10:34:01:944,0.01185459, ,,
10:34:02:054,0.012322418, ,,
10:34:02:164,0.012296924, ,,
10:34:02:494,0.012654562, ,,
10:34:02:514,0.011720176, ,,
10:34:02:594,0.011935562, ,,
10:34:02:704,0.012533536, ,,
10:34:02:814,0.012299966, ,,
10:34:02:924,0.011731138, ,,
10:34:03:034,0.011749936, ,,
10:34:03:144,0.012436822, ,,
10:34:03:254,0.01222454, ,,
10:34:03:404,0.011615464, ,,
10:34:03:474,0.011572909, ,,
10:34:03:584,0.012172116, ,,
10:34:03:694,0.012250585, ,,
10:34:03:794,0.012125915, ,,
10:34:03:904,0.012129562, ,,
10:34:04:014,0.011896524, ,,
10:34:04:124,0.011633116, ,,
10:34:04:234,0.012111907, ,,
10:34:04:344,0.012163053, ,,
10:34:04:504,0.012108254, ,,
10:34:04:564,0.011248024, ,,
10:34:04:674,0.011677494, ,,
10:34:04:784,0.012162374, ,,
10:34:04:894,0.012164806, ,,
10:34:05:004,0.011930015, ,,
10:34:05:114,0.011595447, ,,
10:34:05:224,0.012610734, ,,
10:34:05:334,0.012404542, ,,
10:34:05:444,0.01198901, ,,
10:34:05:604,0.012290224, ,,
10:34:05:654,0.011561354, ,,
10:34:05:764,0.011931236, ,,
10:34:05:874,0.012876644, ,,
10:34:05:984,0.012350431, ,,
10:34:06:094,0.012251256, ,,
10:34:06:204,0.011799258, ,,
10:34:06:314,0.012081546, ,,
10:34:06:424,0.012417947, ,,
10:34:06:534,0.012003678, ,,
10:34:06:704,0.011742627, ,,
10:34:06:754,0.011922095, ,,
10:34:06:864,0.012408196, ,,
10:34:06:974,0.012350422, ,,
10:34:07:084,0.012069362, ,,
10:34:07:194,0.012046224, ,,
10:34:07:304,0.012319374, ,,
10:34:07:404,0.012124695, ,,
10:34:07:514,0.012616882, ,,
10:34:07:624,0.012368085, ,,
10:34:07:994,0.012445264, ,,
10:34:08:014,0.011952524, ,,
10:34:08:064,0.012375925, ,,
10:34:08:174,0.01195194, ,,
10:34:08:284,0.011615462, ,,
10:34:08:394,0.011710433, ,,
10:34:08:504,0.012010986, ,,
10:34:08:614,0.011932455, ,,
10:34:08:724,0.011694604, ,,
10:34:08:904,0.011919111, ,,
10:34:08:944,0.012082147, ,,
10:34:09:054,0.012297531, ,,
10:34:09:164,0.012149113, ,,
10:34:09:264,0.012157634, ,,
10:34:09:374,0.011741405, ,,
10:34:09:484,0.01183267, ,,
10:34:09:594,0.01227865, ,,
10:34:09:704,0.012337034, ,,
10:34:09:814,0.012226362, ,,
10:34:10:004,0.012893075, ,,
10:34:10:034,0.012323638, ,,
10:34:10:144,0.012605926, ,,
10:34:10:254,0.012133834, ,,
10:34:10:364,0.011908767, ,,
10:34:10:474,0.011805353, ,,
10:34:10:584,0.012195313, ,,
10:34:10:694,0.012458109, ,,
10:34:10:804,0.012096687, ,,
10:34:10:914,0.012048055, ,,
10:34:11:104,0.012299887, ,,
10:34:11:214,0.012182466, ,,
10:34:11:234,0.012932576, ,,
10:34:11:344,0.01266308, ,,
10:34:11:454,0.012229965, ,,
10:34:11:564,0.012017685, ,,
10:34:11:674,0.012581566, ,,
10:34:11:784,0.012994082, ,,
10:34:11:894,0.012344342, ,,
10:34:12:004,0.011818662, ,,
10:34:12:204,0.0120906, ,,
10:34:12:234,0.012268245, ,,
10:34:12:334,0.01236742, ,,
10:34:12:444,0.011902007, ,,
10:34:12:554,0.011900787, ,,
10:34:12:664,0.012149662, ,,
10:34:12:764,0.012132002, ,,
10:34:12:874,0.012438642, ,,
10:34:12:984,0.01232601, ,,
10:34:13:104,0.011945242, ,,
10:34:13:494,0.012352262, ,,
10:34:13:514,0.012321202, ,,
10:34:13:544,0.011712264, ,,
10:34:13:644,0.011588756, ,,
10:34:13:754,0.011884355, ,,
10:34:13:864,0.012392374, ,,
10:34:13:974,0.012130789, ,,
10:34:14:084,0.012091287, ,,
10:34:14:194,0.011813874, ,,
10:34:14:404,0.0122884, ,,
10:34:14:424,0.011893546, ,,
10:34:14:514,0.012462985, ,,
10:34:14:624,0.01198237, ,,
10:34:14:734,0.011836935, ,,
10:34:14:844,0.012333387, ,,
10:34:14:954,0.012570078, ,,
10:34:15:064,0.012685007, ,,
10:34:15:174,0.012198966, ,,
10:34:15:284,0.01209973, ,,
10:34:15:504,0.012510482, ,,
10:34:15:524,0.012237247, ,,
10:34:15:614,0.012447756, ,,
10:34:15:724,0.012033438, ,,
10:34:15:834,0.012085802, ,,
10:34:15:944,0.012871156, ,,
10:34:16:044,0.012564593, ,,
10:34:16:154,0.012978251, ,,
10:34:16:264,0.012294487, ,,
10:34:16:374,0.011921553, ,,
10:34:16:604,0.012167849, ,,
10:34:16:624,0.01256271, ,,
10:34:16:704,0.012452571, ,,
10:34:16:814,0.011836935, ,,
10:34:16:924,0.01181684, ,,
10:34:17:034,0.012236576, ,,
10:34:17:144,0.012860218, ,,
10:34:17:254,0.012054082, ,,
10:34:17:364,0.011330738, ,,
10:34:17:474,0.01165382, ,,
10:34:17:704,0.01161364, ,,
10:34:17:724,0.011853375, ,,
10:34:17:804,0.011478609, ,,
10:34:17:914,0.011612418, ,,
10:34:18:024,0.01206145, ,,
10:34:18:124,0.012038311, ,,
10:34:18:234,0.01227987, ,,
10:34:18:344,0.012295098, ,,
10:34:18:454,0.011869816, ,,
10:34:18:564,0.011759066, ,,
10:34:18:674,0.012069362, ,,
10:34:19:004,0.011621007, ,,
10:34:19:214,0.011960453, ,,
10:34:19:234,0.01204501, ,,
10:34:19:334,0.012168518, ,,
10:34:19:444,0.011731138, ,,
10:34:19:554,0.012151494, ,,
10:34:19:654,0.011843633, ,,
10:34:19:764,0.012005507, ,,
10:34:19:904,0.012550585, ,,
10:34:19:984,0.012386276, ,,
10:34:20:094,0.012111906, ,,
10:34:20:204,0.011908155, ,,
10:34:20:314,0.012618102, ,,
10:34:20:424,0.012640018, ,,
10:34:20:534,0.012024305, ,,
10:34:20:644,0.012001845, ,,
10:34:20:754,0.012498298, ,,
10:34:20:864,0.012712402, ,,
10:34:21:004,0.012482398, ,,
10:34:21:084,0.012018285, ,,
10:34:21:194,0.011966531, ,,
10:34:21:294,0.011784638, ,,
10:34:21:404,0.012279869, ,,
10:34:21:514,0.012311451, ,,
10:34:21:624,0.012037082, ,,
10:34:21:734,0.011632505, ,,
10:34:21:844,0.011731129, ,,
10:34:21:954,0.012354685, ,,
10:34:22:104,0.011722006, ,,
10:34:22:174,0.012018294, ,,
10:34:22:284,0.011959231, ,,
10:34:22:394,0.012058406, ,,
10:34:22:504,0.01270449, ,,
10:34:22:614,0.011900856, ,,
10:34:22:724,0.011681818, ,,
10:34:22:834,0.011661189, ,,
10:34:22:944,0.011911198, ,,
10:34:23:054,0.012012816, ,,
10:34:23:204,0.011711593, ,,
10:34:23:264,0.011861285, ,,
10:34:23:374,0.011852154, ,,
10:34:23:484,0.011515693, ,,
10:34:23:594,0.012219, ,,
10:34:23:704,0.011922102, ,,
10:34:23:814,0.011561342, ,,
10:34:23:924,0.010988802, ,,
10:34:24:034,0.011852154, ,,
10:34:24:144,0.012196464, ,,
10:34:24:494,0.011886167, ,,
10:34:24:514,0.01214113, ,,
10:34:24:584,0.012068749, ,,
10:34:24:694,0.012084578, ,,
10:34:24:794,0.012160004, ,,
10:34:24:904,0.011868591, ,,
10:34:25:024,0.012271346, ,,
10:34:25:124,0.011821704, ,,
10:34:25:234,0.012327287, ,,
10:34:25:404,0.012178869, ,,
10:34:25:454,0.011314382, ,,
10:34:25:564,0.011448854, ,,
10:34:25:674,0.012124698, ,,
10:34:25:784,0.01219714, ,,
10:34:25:894,0.011733569, ,,
10:34:26:004,0.011482269, ,,
10:34:26:114,0.012334596, ,,
10:34:26:224,0.01254876, ,,
10:34:26:334,0.012226367, ,,
10:34:26:504,0.011825358, ,,
10:34:26:544,0.01158692, ,,
10:34:26:654,0.011813182, ,,
10:34:26:764,0.011801024, ,,
10:34:26:874,0.012097905, ,,
10:34:26:984,0.01196891, ,,
10:34:27:094,0.011501693, ,,
10:34:27:204,0.011709767, ,,
10:34:27:314,0.012245102, ,,
10:34:27:424,0.011726207, ,,
10:34:27:604,0.011509002, ,,
10:34:27:644,0.011322293, ,,
10:34:27:754,0.011958556, ,,
10:34:27:864,0.011742038, ,,
10:34:27:974,0.011812598, ,,
10:34:28:084,0.01150778, ,,
10:34:28:194,0.011936106, ,,
10:34:28:294,0.011695762, ,,
10:34:28:404,0.012174544, ,,
10:34:28:514,0.012459878, ,,
10:34:28:704,0.011782202, ,,
10:34:28:734,0.011024784, ,,
10:34:28:844,0.01163987, ,,
10:34:28:954,0.012284742, ,,
10:34:29:064,0.011902065, ,,
10:34:29:174,0.011494444, ,,
10:34:29:284,0.011380118, ,,
10:34:29:394,0.012027956, ,,
10:34:29:504,0.012253685, ,,
10:34:29:614,0.011891713, ,,
10:34:29:994,0.011854591, ,,
10:34:30:014,0.012428905, ,,
10:34:30:044,0.012176374, ,,
10:34:30:154,0.012428905, ,,
10:34:30:264,0.011923318, ,,
10:34:30:374,0.011751702, ,,
10:34:30:484,0.012217785, ,,
10:34:30:594,0.0124885, ,,
10:34:30:704,0.012062607, ,,
10:34:30:904,0.012403934, ,,
10:34:30:934,0.012604702, ,,
10:34:31:034,0.012671606, ,,
10:34:31:144,0.012300571, ,,
10:34:31:254,0.012347382, ,,
10:34:31:364,0.011856415, ,,
10:34:31:474,0.012531707, ,,
10:34:31:584,0.012545104, ,,
10:34:31:694,0.012231173, ,,
10:34:31:804,0.011718349, ,,
10:34:32:004,0.011962822, ,,
10:34:32:034,0.012508586, ,,
10:34:32:124,0.011911746, ,,
10:34:32:234,0.012531038, ,,
10:34:32:344,0.012116169, ,,
10:34:32:454,0.011587522, ,,
10:34:32:564,0.011798582, ,,
10:34:32:674,0.012095462, ,,
10:34:32:784,0.012115558, ,,
10:34:32:894,0.011829622, ,,
10:34:33:104,0.011638046, ,,
10:34:33:224,0.012460538, ,,
10:34:33:334,0.011897798, ,,
10:34:33:444,0.011335053, ,,
10:34:33:554,0.011405002, ,,
10:34:33:654,0.011674496, ,,
10:34:33:764,0.012058395, ,,
10:34:33:874,0.012200175, ,,
10:34:33:984,0.011794376, ,,
10:34:34:204,0.012130174, ,,
10:34:34:224,0.0114293, ,,
10:34:34:314,0.012070518, ,,
10:34:34:424,0.012135042, ,,
10:34:34:534,0.011642862, ,,
10:34:34:644,0.01160876, ,,
10:34:34:754,0.011996914, ,,
10:34:34:864,0.012271896, ,,
10:34:34:974,0.012079038, ,,
10:34:35:084,0.011967687, ,,
10:34:35:494,0.011864334, ,,
10:34:35:514,0.012014636, ,,
10:34:35:624,0.011936106, ,,
10:34:35:734,0.01182049, ,,
10:34:35:844,0.012160013, ,,
10:34:35:954,0.012490324, ,,
10:34:36:064,0.012581038, ,,
10:34:36:174,0.01185946, ,,
10:34:36:404,0.012410022, ,,
10:34:36:424,0.012518922, ,,
10:34:36:504,0.01258643, ,,
10:34:36:614,0.012506214, ,,
10:34:36:724,0.01193068, ,,
10:34:36:834,0.012190433, ,,
10:34:36:944,0.012660033, ,,
10:34:37:054,0.012475766, ,,
10:34:37:164,0.011971404, ,,
10:34:37:274,0.012032822, ,,
10:34:37:374,0.012253685, ,,
10:34:37:514,0.012167844, ,,
10:34:37:594,0.012330322, ,,
10:34:37:704,0.012323624, ,,
10:34:37:814,0.012022546, ,,
10:34:37:924,0.011590565, ,,
10:34:38:034,0.012231774, ,,
10:34:38:144,0.01229082, ,,
10:34:38:254,0.01174871, ,,
10:34:38:364,0.011299145, ,,
10:34:38:474,0.011773671, ,,
10:34:38:614,0.012427134, ,,
10:34:38:694,0.012316333, ,,
10:34:38:794,0.012186176, ,,
10:34:38:904,0.011473738, ,,
10:34:39:014,0.011024782, ,,
10:34:39:124,0.011427538, ,,
10:34:39:234,0.011925813, ,,
10:34:39:344,0.011308285, ,,
10:34:39:454,0.011520015, ,,
10:34:39:564,0.01137464, ,,
10:34:39:704,0.012487271, ,,
10:34:39:784,0.012019442, ,,
10:34:39:894,0.011627024, ,,
10:34:40:004,0.01146157, ,,
10:34:40:114,0.011679311, ,,
10:34:40:224,0.011848496, ,,
10:34:40:334,0.011637376, ,,
10:34:40:444,0.011401295, ,,
10:34:40:554,0.01130402, ,,
10:34:40:654,0.011296711, ,,
10:34:40:994,0.011268706, ,,
10:34:41:024,0.011369155, ,,
10:34:41:094,0.011259575, ,,
10:34:41:204,0.011405002, ,,
10:34:41:314,0.01214113, ,,
10:34:41:424,0.011888058, ,,
10:34:41:534,0.0115449, ,,
10:34:41:644,0.011468862, ,,
10:34:41:754,0.0120791, ,,
10:34:41:904,0.011574736, ,,
10:34:41:974,0.011794318, ,,
10:34:42:084,0.01167871, ,,
10:34:42:194,0.012009091, ,,
10:34:42:304,0.012116169, ,,
10:34:42:404,0.011779709, ,,
10:34:42:514,0.012317486, ,,
10:34:42:624,0.011838144, ,,
10:34:42:734,0.011690275, ,,
10:34:42:844,0.012037638, ,,
10:34:43:004,0.011816836, ,,
10:34:43:064,0.012108318, ,,
10:34:43:214,0.011891713, ,,
10:34:43:284,0.011431804, ,,
10:34:43:394,0.011604556, ,,
10:34:43:504,0.012313282, ,,
10:34:43:614,0.01194652, ,,
10:34:43:724,0.011428758, ,,
10:34:43:834,0.011923991, ,,
10:34:43:944,0.011852762, ,,
10:34:44:104,0.011776665, ,,
10:34:44:154,0.012209247, ,,
10:34:44:264,0.011595442, ,,
10:34:44:374,0.011431736, ,,
10:34:44:484,0.011501074, ,,
10:34:44:594,0.012023098, ,,
10:34:44:704,0.011838754, ,,
10:34:44:814,0.011440875, ,,
10:34:44:924,0.01135753, ,,
10:34:45:034,0.011888609, ,,
10:34:45:204,0.01204744, ,,
10:34:45:254,0.011531589, ,,
10:34:45:364,0.011099609, ,,
10:34:45:474,0.01167877, ,,
10:34:45:584,0.01194713, ,,
10:34:45:694,0.011603344, ,,
10:34:45:804,0.01142084, ,,
10:34:45:904,0.01129489, ,,
10:34:46:014,0.011401966, ,,
10:34:46:124,0.011501753, ,,
10:34:46:494,0.011075858, ,,
10:34:46:514,0.011381278, ,,
10:34:46:564,0.010918247, ,,
10:34:46:674,0.012061998, ,,
10:34:46:784,0.011995091, ,,
10:34:46:894,0.011687842, ,,
10:34:47:004,0.011170769, ,,
10:34:47:114,0.011190786, ,,
10:34:47:224,0.011824747, ,,
10:34:47:404,0.011193282, ,,
10:34:47:444,0.011079514, ,,
10:34:47:544,0.011612475, ,,
10:34:47:654,0.011235904, ,,
10:34:47:764,0.011749322, ,,
10:34:47:874,0.011847284, ,,
10:34:47:984,0.011494444, ,,
10:34:48:094,0.01142084, ,,
10:34:48:204,0.011464606, ,,
10:34:48:314,0.011849107, ,,
10:34:48:504,0.011199978, ,,
10:34:48:534,0.011176306, ,,
10:34:48:644,0.011265662, ,,
10:34:48:754,0.01175663, ,,
10:34:48:864,0.011828402, ,,
10:34:48:974,0.011709818, ,,
10:34:49:084,0.011235293, ,,
10:34:49:194,0.011516971, ,,
10:34:49:294,0.011457986, ,,
10:34:49:404,0.011762716, ,,
10:34:49:604,0.012020674, ,,
10:34:49:634,0.011519355, ,,
10:34:49:734,0.011476722, ,,
10:34:49:844,0.011546122, ,,
10:34:49:954,0.012127742, ,,
10:34:50:064,0.011950115, ,,
10:34:50:174,0.011327091, ,,
10:34:50:284,0.01150778, ,,
10:34:50:394,0.012194038, ,,
10:34:50:504,0.011932453, ,,
10:34:50:704,0.012313282, ,,
10:34:50:734,0.012025462, ,,
10:34:50:834,0.011536989, ,,
10:34:50:944,0.012131395, ,,
10:34:51:044,0.011942195, ,,
10:34:51:154,0.012065651, ,,
10:34:51:264,0.011543076, ,,
10:34:51:374,0.011236453, ,,
10:34:51:484,0.011658082, ,,
10:34:51:594,0.011963434, ,,
10:34:51:994,0.011319782, ,,
10:34:52:014,0.010842211, ,,
10:34:52:044,0.011580222, ,,
10:34:52:144,0.011723766, ,,
10:34:52:254,0.011369714, ,,
10:34:52:364,0.011263229, ,,
10:34:52:474,0.011480986, ,,
10:34:52:584,0.011916011, ,,
10:34:52:694,0.011861282, ,,
10:34:52:904,0.011238336, ,,
10:34:52:924,0.011782811, ,,
10:34:53:014,0.011097776, ,,
10:34:53:124,0.011614909, ,,
10:34:53:234,0.011988445, ,,
10:34:53:344,0.01185337, ,,
10:34:53:454,0.011186582, ,,
10:34:53:564,0.011272971, ,,
10:34:53:674,0.011767593, ,,
10:34:53:784,0.011844842, ,,
10:34:54:004,0.011372816, ,,
10:34:54:024,0.011461562, ,,
10:34:54:114,0.011801084, ,,
10:34:54:224,0.011824755, ,,
10:34:54:334,0.01150845, ,,
10:34:54:444,0.01125714, ,,
10:34:54:544,0.011462775, ,,
10:34:54:654,0.011382558, ,,
10:34:54:764,0.011909373, ,,
10:34:54:874,0.011983586, ,,
10:34:55:104,0.012169065, ,,
10:34:55:124,0.011359351, ,,
10:34:55:234,0.011393986, ,,
10:34:55:314,0.011880687, ,,
10:34:55:424,0.011630678, ,,
10:34:55:534,0.011403118, ,,
10:34:55:644,0.011187133, ,,
10:34:55:754,0.011521778, ,,
10:34:55:864,0.01186006, ,,
10:34:55:974,0.011464538, ,,
10:34:56:204,0.011830233, ,,
10:34:56:224,0.01158692, ,,
10:34:56:304,0.011835109, ,,
10:34:56:404,0.011582655, ,,
10:34:56:514,0.012091894, ,,
10:34:56:624,0.011555862, ,,
10:34:56:734,0.011107527, ,,
10:34:56:844,0.011328362, ,,
10:34:56:954,0.011790731, ,,
10:34:57:064,0.012294482, ,,
10:34:57:174,0.011597273, ,,
10:34:57:504,0.012105205, ,,
10:34:57:524,0.011638598, ,,
10:34:57:614,0.011673895, ,,
10:34:57:724,0.011066118, ,,
10:34:57:834,0.011158044, ,,
10:34:57:944,0.011667822, ,,
10:34:58:054,0.01180534, ,,
10:34:58:154,0.011899571, ,,
10:34:58:264,0.011355095, ,,
10:34:58:404,0.01111475, ,,
10:34:58:484,0.011466378, ,,
10:34:58:594,0.012027286, ,,
10:34:58:704,0.01158631, ,,
10:34:58:814,0.011158594, ,,
10:34:58:924,0.011348398, ,,
10:34:59:034,0.011392164, ,,
10:34:59:144,0.01188252, ,,
10:34:59:254,0.011520565, ,,
10:34:59:364,0.011176856, ,,
10:34:59:504,0.011631898, ,,
10:34:59:584,0.012100338, ,,
10:34:59:694,0.011750542, ,,
10:34:59:804,0.011392224, ,,
10:34:59:904,0.011245645, ,,
10:35:00:014,0.011155602, ,,
10:35:00:124,0.011566215, ,,
10:35:00:234,0.011970793, ,,
10:35:00:344,0.011495045, ,,
10:35:00:454,0.011279058, ,,
10:35:00:604,0.011995762, ,,
10:35:00:674,0.011380676, ,,
10:35:00:784,0.012055358, ,,
10:35:00:894,0.011469482, ,,
10:35:01:004,0.011362404, ,,
10:35:01:114,0.011939762, ,,
10:35:01:224,0.012255515, ,,
10:35:01:334,0.011992718, ,,
10:35:01:444,0.011330744, ,,
10:35:01:554,0.011449404, ,,
10:35:01:704,0.011845451, ,,
10:35:01:764,0.01189835, ,,
10:35:01:874,0.01209364, ,,
10:35:01:984,0.011973836, ,,
10:35:02:094,0.011716518, ,,
10:35:02:204,0.011747498, ,,
10:35:02:314,0.012207484, ,,
10:35:02:424,0.012105815, ,,
10:35:02:534,0.012037087, ,,
10:35:02:644,0.011460418, ,,
10:35:02:994,0.012011593, ,,
10:35:03:014,0.011641038, ,,
10:35:03:084,0.011875296, ,,
10:35:03:194,0.011652604, ,,
10:35:03:304,0.011875898, ,,
10:35:03:404,0.012203167, ,,
10:35:03:514,0.012475104, ,,
10:35:03:624,0.011858246, ,,
10:35:03:734,0.011600849, ,,
10:35:03:904,0.011579002, ,,
10:35:03:954,0.012242118, ,,
10:35:04:064,0.012293882, ,,
10:35:04:174,0.011890498, ,,
10:35:04:284,0.012004894, ,,
10:35:04:394,0.011855202, ,,
10:35:04:504,0.012239075, ,,
10:35:04:614,0.0118619, ,,
10:35:04:724,0.011310727, ,,
10:35:04:834,0.011527322, ,,
10:35:05:004,0.01185154, ,,
10:35:05:214,0.011816226, ,,
10:35:05:264,0.011370925, ,,
10:35:05:374,0.011378845, ,,
10:35:05:484,0.011395207, ,,
10:35:05:594,0.011696362, ,,
10:35:05:704,0.011542465, ,,
10:35:05:814,0.011185309, ,,
10:35:05:924,0.011115971, ,,
10:35:06:104,0.011675845, ,,
10:35:06:144,0.011566946, ,,
10:35:06:254,0.011379635, ,,
10:35:06:364,0.010965307, ,,
10:35:06:474,0.011028558, ,,
10:35:06:584,0.011458105, ,,
10:35:06:694,0.011382069, ,,
10:35:06:804,0.01093547, ,,
10:35:06:904,0.010999331, ,,
10:35:07:014,0.010743844, ,,
10:35:07:204,0.011252876, ,,
10:35:07:234,0.01139526, ,,
10:35:07:344,0.011653876, ,,
10:35:07:454,0.011106358, ,,
10:35:07:564,0.011175085, ,,
10:35:07:674,0.011173873, ,,
10:35:07:784,0.011558295, ,,
10:35:07:894,0.011231027, ,,
10:35:08:004,0.010879409, ,,
10:35:08:114,0.010797894, ,,
10:35:08:494,0.011273573, ,,
10:35:08:514,0.011012607, ,,
10:35:08:544,0.011089245, ,,
10:35:08:654,0.010730318, ,,
10:35:08:764,0.011106298, ,,
10:35:08:874,0.011251122, ,,
10:35:08:984,0.011352662, ,,
10:35:09:094,0.010847687, ,,
10:35:09:204,0.010802098, ,,
10:35:09:404,0.011111766, ,,
10:35:09:434,0.011118464, ,,
10:35:09:534,0.011459206, ,,
10:35:09:644,0.011189014, ,,
10:35:09:754,0.011673894, ,,
10:35:09:864,0.012192264, ,,
10:35:09:974,0.011897798, ,,
10:35:10:084,0.011414751, ,,
10:35:10:194,0.011299764, ,,
10:35:10:294,0.011248696, ,,
10:35:10:504,0.011463995, ,,
10:35:10:534,0.011522447, ,,
10:35:10:624,0.011701906, ,,
10:35:10:734,0.01106983, ,,
10:35:10:844,0.011274793, ,,
10:35:10:954,0.011570478, ,,
10:35:11:064,0.01203952, ,,
10:35:11:174,0.01136003, ,,
10:35:11:284,0.011167785, ,,
10:35:11:394,0.011591785, ,,
10:35:11:604,0.012032158, ,,
10:35:11:634,0.011822322, ,,
10:35:11:724,0.011262616, ,,
10:35:11:834,0.011269926, ,,
10:35:11:944,0.011672096, ,,
10:35:12:054,0.011760833, ,,
10:35:12:164,0.011069158, ,,
10:35:12:264,0.011453058, ,,
10:35:12:374,0.011423831, ,,
10:35:12:484,0.011850936, ,,
10:35:12:704,0.01135022, ,,
10:35:12:734,0.011544287, ,,
10:35:12:814,0.011478544, ,,
10:35:12:924,0.011325885, ,,
10:35:13:034,0.011971953, ,,
10:35:13:144,0.012100938, ,,
10:35:13:254,0.011759002, ,,
10:35:13:364,0.010959038, ,,
10:35:13:474,0.011415904, ,,
10:35:13:584,0.011623369, ,,
10:35:13:994,0.011705494, ,,
10:35:14:024,0.011331956, ,,
10:35:14:044,0.010988249, ,,
10:35:14:124,0.011239496, ,,
10:35:14:234,0.011633722, ,,
10:35:14:344,0.01175718, ,,
10:35:14:454,0.011251655, ,,
10:35:14:564,0.011097776, ,,
10:35:14:674,0.011908702, ,,
10:35:14:904,0.01139648, ,,
10:35:14:924,0.010963966, ,,
10:35:15:004,0.010900036, ,,
10:35:15:114,0.011223116, ,,
10:35:15:224,0.011683026, ,,
10:35:15:334,0.01185946, ,,
10:35:15:444,0.011309506, ,,
10:35:15:554,0.011216418, ,,
10:35:15:654,0.011302807, ,,
10:35:15:764,0.011269316, ,,
10:35:15:874,0.011823526, ,,
10:35:16:014,0.011426256, ,,
10:35:16:094,0.011310055, ,,
10:35:16:204,0.011126925, ,,
10:35:16:314,0.011824145, ,,
10:35:16:424,0.012030938, ,,
10:35:16:534,0.011098386, ,,
10:35:16:644,0.010682235, ,,
10:35:16:754,0.011137278, ,,
10:35:16:864,0.011466978, ,,
10:35:16:974,0.011544298, ,,
10:35:17:114,0.011011395, ,,
10:35:17:194,0.010900114, ,,
10:35:17:294,0.011036356, ,,
10:35:17:404,0.011459198, ,,
10:35:17:514,0.011378844, ,,
10:35:17:624,0.011474958, ,,
10:35:17:734,0.011095953, ,,
10:35:17:844,0.010771651, ,,
10:35:17:954,0.011380065, ,,
10:35:18:064,0.011684246, ,,
10:35:18:204,0.011416575, ,,
10:35:18:284,0.010621478, ,,
10:35:18:394,0.01130463, ,,
10:35:18:504,0.01145372, ,,
10:35:18:614,0.01141231, ,,
10:35:18:724,0.01104364, ,,
10:35:18:834,0.011361242, ,,
10:35:18:944,0.011614298, ,,
10:35:19:054,0.011583867, ,,
10:35:19:164,0.011055213, ,,
10:35:19:494,0.011763938, ,,
10:35:19:514,0.011642922, ,,
10:35:19:594,0.011837542, ,,
10:35:19:704,0.011838754, ,,
10:35:19:814,0.011293066, ,,
10:35:19:924,0.010866013, ,,
10:35:20:034,0.011187802, ,,
10:35:20:144,0.011613687, ,,
10:35:20:254,0.01171165, ,,
10:35:20:404,0.011376411, ,,
10:35:20:474,0.011356316, ,,
10:35:20:584,0.012118602, ,,
10:35:20:694,0.011881307, ,,
10:35:20:794,0.011812571, ,,
10:35:20:904,0.011772458, ,,
10:35:21:014,0.011540031, ,,
10:35:21:124,0.011060638, ,,
10:35:21:234,0.011793774, ,,
10:35:21:344,0.011442758, ,,
10:35:21:504,0.011532113, ,,
10:35:21:564,0.010508846, ,,
10:35:21:674,0.011313762, ,,
10:35:21:784,0.01122555, ,,
10:35:21:894,0.011064285, ,,
10:35:22:004,0.01092682, ,,
10:35:22:114,0.010942047, ,,
10:35:22:224,0.011371536, ,,
10:35:22:334,0.011614847, ,,
10:35:22:444,0.010944482, ,,
10:35:22:604,0.01092799, ,,
10:35:22:654,0.010902418, ,,
10:35:22:764,0.011159204, ,,
10:35:22:874,0.011488905, ,,
10:35:22:984,0.011464546, ,,
10:35:23:094,0.011075858, ,,
10:35:23:204,0.010896407, ,,
10:35:23:314,0.011232807, ,,
10:35:23:424,0.011503515, ,,
10:35:23:534,0.01131316, ,,
10:35:23:704,0.011345964, ,,
10:35:23:754,0.01125714, ,,
10:35:23:864,0.011541244, ,,
10:35:23:974,0.011638598, ,,
10:35:24:084,0.011213925, ,,
10:35:24:194,0.011188955, ,,
10:35:24:304,0.011544898, ,,
10:35:24:404,0.011032093, ,,
10:35:24:514,0.011815615, ,,
10:35:24:624,0.012304089, ,,
10:35:24:994,0.01217278, ,,
10:35:25:014,0.01150784, ,,
10:35:25:064,0.012210527, ,,
10:35:25:174,0.012092496, ,,
10:35:25:284,0.01156256, ,,
10:35:25:394,0.01145311, ,,
10:35:25:504,0.012145394, ,,
10:35:25:614,0.012006106, ,,
10:35:25:724,0.011683636, ,,
10:35:25:904,0.01151636, ,,
10:35:25:944,0.011715304, ,,
10:35:26:054,0.012131998, ,,
10:35:26:164,0.01168607, ,,
10:35:26:274,0.011219462, ,,
10:35:26:374,0.011408664, ,,
10:35:26:484,0.011149514, ,,
10:35:26:594,0.012027955, ,,
10:35:26:704,0.012008549, ,,
10:35:26:814,0.011382558, ,,
10:35:27:004,0.011777945, ,,
10:35:27:034,0.011330186, ,,
10:35:27:144,0.011428758, ,,
10:35:27:254,0.011422673, ,,
10:35:27:364,0.01130463, ,,
10:35:27:474,0.010934138, ,,
10:35:27:584,0.011333238, ,,
10:35:27:694,0.011617342, ,,
10:35:27:794,0.011529758, ,,
10:35:27:904,0.011774902, ,,
10:35:28:104,0.011400082, ,,
10:35:28:134,0.011664178, ,,
10:35:28:234,0.011560736, ,,
10:35:28:344,0.011496275, ,,
10:35:28:454,0.0115255, ,,
10:35:28:564,0.011233469, ,,
10:35:28:674,0.011567436, ,,
10:35:28:784,0.011857636, ,,
10:35:28:894,0.011663567, ,,
10:35:29:004,0.011299153, ,,
10:35:29:204,0.011082618, ,,
10:35:29:234,0.011237735, ,,
10:35:29:334,0.011497487, ,,
10:35:29:444,0.011639267, ,,
10:35:29:554,0.011476782, ,,
10:35:29:664,0.0116946, ,,
10:35:29:774,0.011739054, ,,
10:35:29:874,0.011756018, ,,
10:35:29:984,0.011772458, ,,
10:35:30:104,0.011004687, ,,
10:35:30:494,0.011448854, ,,
10:35:30:514,0.011575956, ,,
10:35:30:544,0.010926829, ,,
10:35:30:644,0.010869615, ,,
10:35:30:754,0.01125052, ,,
10:35:30:864,0.011316814, ,,
10:35:30:974,0.011472526, ,,
10:35:31:084,0.011217029, ,,
10:35:31:194,0.010750422, ,,
10:35:31:404,0.011020518, ,,
10:35:31:424,0.010979116, ,,
10:35:31:514,0.01158631, ,,
10:35:31:624,0.0111385, ,,
10:35:31:734,0.011140322, ,,
10:35:31:844,0.010780173, ,,
10:35:31:954,0.010997991, ,,
10:35:32:064,0.011172593, ,,
10:35:32:174,0.011450066, ,,
10:35:32:284,0.011094733, ,,
10:35:32:504,0.011675115, ,,
10:35:32:524,0.011186582, ,,
10:35:32:614,0.011936105, ,,
10:35:32:724,0.011900784, ,,
10:35:32:834,0.011425706, ,,
10:35:32:944,0.011459809, ,,
10:35:33:044,0.011706776, ,,
10:35:33:154,0.011615458, ,,
10:35:33:264,0.011824746, ,,
10:35:33:374,0.011158645, ,,
10:35:33:604,0.011488965, ,,
10:35:33:624,0.011412929, ,,
10:35:33:704,0.011792554, ,,
10:35:33:814,0.011582655, ,,
10:35:33:924,0.010918307, ,,
10:35:34:034,0.010934749, ,,
10:35:34:144,0.011480436, ,,
10:35:34:254,0.011566215, ,,
10:35:34:364,0.011328302, ,,
10:35:34:474,0.011141602, ,,
10:35:34:764,0.011297931, ,,
10:35:34:784,0.011582646, ,,
10:35:34:814,0.0110929, ,,
10:35:34:904,0.011698856, ,,
10:35:35:014,0.011189618, ,,
10:35:35:124,0.011103253, ,,
10:35:35:234,0.011560729, ,,
10:35:35:344,0.011602742, ,,
10:35:35:454,0.011238335, ,,
10:35:35:564,0.011255911, ,,
10:35:35:674,0.01130341, ,,
10:35:36:004,0.01141657, ,,
10:35:36:024,0.011618498, ,,
10:35:36:114,0.010855655, ,,
10:35:36:224,0.011217016, ,,
10:35:36:334,0.011718946, ,,
10:35:36:444,0.011394662, ,,
10:35:36:544,0.011695196, ,,
10:35:36:654,0.011091675, ,,
10:35:36:764,0.011249896, ,,
10:35:36:904,0.011588127, ,,
10:35:36:984,0.011855189, ,,
10:35:37:094,0.011383707, ,,
10:35:37:204,0.010927976, ,,
10:35:37:314,0.01143234, ,,
10:35:37:424,0.011714018, ,,
10:35:37:534,0.011386751, ,,
10:35:37:644,0.011011322, ,,
10:35:37:754,0.011304566, ,,
10:35:37:864,0.011179286, ,,
10:35:38:004,0.011613682, ,,
10:35:38:084,0.011367929, ,,
10:35:38:194,0.011071038, ,,
10:35:38:304,0.011160464, ,,
10:35:38:414,0.011852146, ,,
10:35:38:514,0.011462238, ,,
10:35:38:624,0.011846058, ,,
10:35:38:734,0.011027822, ,,
10:35:38:844,0.011010773, ,,
10:35:38:954,0.011286965, ,,
10:35:39:104,0.011428746, ,,
10:35:39:174,0.011468247, ,,
10:35:39:284,0.010838002, ,,
10:35:39:394,0.011034522, ,,
10:35:39:504,0.011665987, ,,
10:35:39:614,0.011845446, ,,
10:35:39:724,0.011207282, ,,
10:35:39:834,0.011093506, ,,
10:35:39:944,0.011455538, ,,
10:35:40:054,0.012165484, ,,
10:35:40:204,0.011418342, ,,
10:35:40:264,0.011802842, ,,
10:35:40:374,0.011643467, ,,
10:35:40:484,0.01094869, ,,
10:35:40:594,0.011300982, ,,
10:35:40:704,0.011616675, ,,
10:35:40:814,0.011417731, ,,
10:35:40:924,0.011110558, ,,
10:35:41:034,0.011397714, ,,
10:35:41:144,0.011818069, ,,
10:35:41:494,0.011828398, ,,
10:35:41:514,0.01151087, ,,
10:35:41:584,0.011346622, ,,
10:35:41:694,0.011913625, ,,
10:35:41:794,0.012060824, ,,
10:35:41:904,0.011804115, ,,
10:35:42:014,0.011522445, ,,
10:35:42:124,0.011303406, ,,
10:35:42:234,0.011414129, ,,
10:35:42:404,0.011808991, ,,
10:35:42:454,0.011622154, ,,
10:35:42:564,0.011296106, ,,
10:35:42:674,0.011216415, ,,
10:35:42:784,0.01162763, ,,
10:35:42:894,0.011535231, ,,
10:35:43:004,0.010959707, ,,
10:35:43:114,0.010620262, ,,
10:35:43:224,0.01065611, ,,
10:35:43:334,0.0113162, ,,
10:35:43:504,0.011144582, ,,
10:35:43:544,0.011126922, ,,
10:35:43:654,0.010700478, ,,
10:35:43:764,0.0105399, ,,
10:35:43:874,0.010581225, ,,
10:35:43:984,0.01121215, ,,
10:35:44:094,0.011094118, ,,
10:35:44:204,0.010716918, ,,
10:35:44:314,0.010712653, ,,
10:35:44:424,0.011157369, ,,
10:35:44:604,0.011081333, ,,
10:35:44:644,0.011164067, ,,
10:35:44:754,0.010656722, ,,
10:35:44:864,0.010973102, ,,
10:35:44:974,0.011305847, ,,
10:35:45:084,0.011537062, ,,
10:35:45:194,0.011021736, ,,
10:35:45:304,0.010777736, ,,
10:35:45:404,0.011133618, ,,
10:35:45:514,0.011454938, ,,
10:35:45:704,0.011281429, ,,
10:35:45:734,0.011192605, ,,
10:35:45:844,0.010764967, ,,
10:35:45:954,0.01122853, ,,
10:35:46:064,0.011430518, ,,
10:35:46:174,0.011558902, ,,
10:35:46:284,0.011379442, ,,
10:35:46:394,0.011241316, ,,
10:35:46:504,0.011446347, ,,
10:35:46:614,0.011680529, ,,
10:35:46:994,0.011527311, ,,
10:35:47:014,0.012054735, ,,
10:35:47:054,0.012037075, ,,
10:35:47:164,0.011832662, ,,
10:35:47:274,0.011420225, ,,
10:35:47:374,0.011156207, ,,
10:35:47:484,0.01130584, ,,
10:35:47:594,0.011282098, ,,
10:35:47:704,0.011669642, ,,
10:35:47:904,0.011645291, ,,
10:35:47:924,0.011019302, ,,
10:35:48:034,0.01131681, ,,
10:35:48:144,0.011532135, ,,
10:35:48:254,0.011523605, ,,
10:35:48:364,0.01119687, ,,
10:35:48:474,0.010535034, ,,
10:35:48:584,0.01111239, ,,
10:35:48:694,0.011495591, ,,
10:35:48:794,0.011184162, ,,
10:35:49:004,0.011339924, ,,
10:35:49:024,0.011425093, ,,
10:35:49:124,0.011088702, ,,
10:35:49:234,0.011088702, ,,
10:35:49:344,0.011563167, ,,
10:35:49:454,0.011616118, ,,
10:35:49:564,0.01116656, ,,
10:35:49:674,0.010862354, ,,
10:35:49:784,0.011550373, ,,
10:35:49:894,0.011788285, ,,
10:35:50:104,0.011111778, ,,
10:35:50:124,0.011882593, ,,
10:35:50:224,0.011126982, ,,
10:35:50:334,0.011443974, ,,
10:35:50:444,0.011527311, ,,
10:35:50:554,0.010681071, ,,
10:35:50:664,0.010668895, ,,
10:35:50:764,0.01048518, ,,
10:35:50:874,0.010566066, ,,
10:35:50:984,0.011538274, ,,
10:35:51:204,0.010744933, ,,
10:35:51:224,0.01158935, ,,
10:35:51:314,0.010603822, ,,
10:35:51:424,0.011110618, ,,
10:35:51:534,0.011296106, ,,
10:35:51:644,0.01132412, ,,
10:35:51:754,0.010917084, ,,
10:35:51:864,0.011119071, ,,
10:35:51:974,0.011563167, ,,
10:35:52:084,0.01151088, ,,
10:35:52:494,0.011041831, ,,
10:35:52:514,0.010722955, ,,
10:35:52:624,0.011100206, ,,
10:35:52:734,0.010721124, ,,
10:35:52:844,0.010747306, ,,
10:35:52:954,0.010368283, ,,
10:35:53:064,0.010787478, ,,
10:35:53:174,0.011185985, ,,
10:35:53:404,0.010915191, ,,
10:35:53:424,0.010482075, ,,
10:35:53:504,0.010615938, ,,
10:35:53:614,0.011136053, ,,
10:35:53:724,0.011149449, ,,
10:35:53:834,0.010744871, ,,
10:35:53:944,0.010684665, ,,
10:35:54:044,0.01050641, ,,
10:35:54:154,0.010573314, ,,
10:35:54:264,0.011106904, ,,
10:35:54:374,0.010653615, ,,
10:35:54:514,0.010425506, ,,
10:35:54:594,0.010539298, ,,
10:35:54:704,0.010723014, ,,
10:35:54:814,0.010935956, ,,
10:35:54:924,0.010261274, ,,
10:35:55:034,0.010229003, ,,
10:35:55:144,0.010277698, ,,
10:35:55:254,0.01064089, ,,
10:35:55:364,0.011016258, ,,
10:35:55:474,0.010723014, ,,
10:35:55:614,0.010958485, ,,
10:35:55:694,0.011492606, ,,
10:35:55:804,0.0111884, ,,
10:35:55:914,0.011080171, ,,
10:35:56:014,0.011304626, ,,
10:35:56:124,0.011007118, ,,
10:35:56:234,0.01097127, ,,
10:35:56:344,0.011101486, ,,
10:35:56:454,0.011100266, ,,
10:35:56:564,0.010817375, ,,
10:35:56:704,0.010768604, ,,
10:35:56:784,0.010751622, ,,
10:35:56:894,0.011088633, ,,
10:35:57:004,0.010917024, ,,
10:35:57:114,0.010997987, ,,
10:35:57:224,0.011088633, ,,
10:35:57:334,0.011224876, ,,
10:35:57:444,0.011620322, ,,
10:35:57:554,0.010906738, ,,
10:35:57:664,0.010795998, ,,
10:35:57:994,0.010912147, ,,
10:35:58:014,0.011557682, ,,
10:35:58:094,0.011359958, ,,
10:35:58:204,0.011022949, ,,
10:35:58:314,0.011010162, ,,
10:35:58:424,0.011060016, ,,
10:35:58:534,0.011334987, ,,
10:35:58:644,0.011209656, ,,
10:35:58:754,0.011039389, ,,
10:35:58:904,0.01115195, ,,
10:35:58:974,0.010917693, ,,
10:35:59:084,0.011208504, ,,
10:35:59:194,0.01108803, ,,
10:35:59:294,0.011083162, ,,
10:35:59:404,0.010636015, ,,
10:35:59:514,0.010474216, ,,
10:35:59:624,0.010651242, ,,
10:35:59:734,0.01096336, ,,
10:35:59:844,0.010624526, ,,
10:36:00:004,0.01101687, ,,
10:36:00:064,0.010872044, ,,
10:36:00:174,0.011044264, ,,
10:36:00:284,0.011105691, ,,
10:36:00:394,0.01073635, ,,
10:36:00:504,0.010437631, ,,
10:36:00:614,0.011274189, ,,
10:36:00:724,0.011488291, ,,
10:36:00:834,0.011103258, ,,
10:36:00:944,0.010836798, ,,
10:36:01:104,0.010980325, ,,
10:36:01:164,0.011293664, ,,
10:36:01:264,0.01122798, ,,
10:36:01:374,0.0110722, ,,
10:36:01:484,0.010909164, ,,
10:36:01:594,0.010623306, ,,
10:36:01:704,0.010903154, ,,
10:36:01:814,0.011241986, ,,
10:36:01:924,0.010737624, ,,
10:36:02:034,0.010789309, ,,
10:36:02:204,0.010680469, ,,
10:36:02:254,0.010995553, ,,
10:36:02:364,0.01136976, ,,
10:36:02:474,0.01094692, ,,
10:36:02:584,0.01058616, ,,
10:36:02:694,0.010805198, ,,
10:36:02:804,0.011305238, ,,
10:36:02:904,0.011447018, ,,
10:36:03:014,0.011106964, ,,
10:36:03:124,0.010727278, ,,
10:36:03:494,0.010577638, ,,
10:36:03:524,0.010799722, ,,
10:36:03:564,0.010770487, ,,
10:36:03:674,0.010469961, ,,
10:36:03:784,0.010343459, ,,
10:36:03:894,0.011030266, ,,
10:36:04:004,0.01115804, ,,
10:36:04:114,0.010926825, ,,
10:36:04:224,0.010410365, ,,
10:36:04:404,0.011205391, ,,
10:36:04:444,0.011052707, ,,
10:36:04:544,0.010896998, ,,
10:36:04:654,0.011073413, ,,
10:36:04:764,0.010591578, ,,
10:36:04:874,0.010322083, ,,
10:36:04:984,0.010684055, ,,
10:36:05:094,0.011114815, ,,
10:36:05:204,0.010965124, ,,
10:36:05:314,0.010864116, ,,
10:36:05:504,0.011219398, ,,
10:36:05:534,0.011186518, ,,
10:36:05:644,0.010846464, ,,
10:36:05:754,0.010758878, ,,
10:36:05:864,0.010695026, ,,
10:36:05:974,0.0112535, ,,
10:36:06:084,0.011411644, ,,
10:36:06:194,0.010920067, ,,
10:36:06:294,0.01161119, ,,
10:36:06:404,0.011356313, ,,
10:36:06:604,0.010687158, ,,
10:36:06:634,0.011211538, ,,
10:36:06:734,0.011604569, ,,
10:36:06:844,0.011276622, ,,
10:36:06:954,0.011261393, ,,
10:36:07:064,0.011115434, ,,
10:36:07:174,0.011749316, ,,
10:36:07:284,0.011310715, ,,
10:36:07:394,0.010743711, ,,
10:36:07:504,0.010921949, ,,
10:36:07:704,0.010862302, ,,
10:36:07:734,0.010704742, ,,
10:36:07:834,0.011209055, ,,
10:36:07:944,0.01097913, ,,
10:36:08:044,0.011044874, ,,
10:36:08:154,0.010686498, ,,
10:36:08:264,0.011232795, ,,
10:36:08:374,0.011682358, ,,
10:36:08:484,0.010787478, ,,
10:36:08:594,0.010633522, ,,
10:36:08:994,0.011133009, ,,
10:36:09:014,0.011491938, ,,
10:36:09:044,0.011280267, ,,
10:36:09:144,0.010894564, ,,
10:36:09:254,0.011344129, ,,
10:36:09:364,0.011368489, ,,
10:36:09:474,0.011183551, ,,
10:36:09:584,0.010744933, ,,
10:36:09:694,0.011069758, ,,
10:36:09:904,0.011545506, ,,
10:36:09:924,0.010993722, ,,
10:36:10:014,0.01139345, ,,
10:36:10:124,0.010909774, ,,
10:36:10:234,0.011026602, ,,
10:36:10:344,0.011232855, ,,
10:36:10:454,0.011418394, ,,
10:36:10:564,0.011050884, ,,
10:36:10:674,0.010772249, ,,
10:36:10:784,0.010684725, ,,
10:36:11:004,0.011222442, ,,
10:36:11:024,0.011554638, ,,
10:36:11:114,0.011092295, ,,
10:36:11:224,0.010783213, ,,
10:36:11:334,0.011093507, ,,
10:36:11:444,0.011846058, ,,
10:36:11:544,0.01160518, ,,
10:36:11:654,0.011711586, ,,
10:36:11:764,0.010842198, ,,
10:36:11:874,0.01091458, ,,
10:36:12:104,0.011441482, ,,
10:36:12:124,0.011324111, ,,
10:36:12:204,0.011308282, ,,
10:36:12:314,0.01082097, ,,
10:36:12:424,0.011080111, ,,
10:36:12:534,0.01155646, ,,
10:36:12:644,0.011596047, ,,
10:36:12:754,0.011231635, ,,
10:36:12:864,0.011170765, ,,
10:36:12:974,0.011602135, ,,
10:36:13:204,0.010993722, ,,
10:36:13:224,0.011192055, ,,
10:36:13:304,0.011009551, ,,
10:36:13:404,0.011130025, ,,
10:36:13:514,0.010862354, ,,
10:36:13:624,0.011137936, ,,
10:36:13:734,0.011464671, ,,
10:36:13:844,0.010682293, ,,
10:36:13:954,0.010591638, ,,
10:36:14:064,0.010990678, ,,
10:36:14:174,0.011152554, ,,
10:36:14:504,0.010806351, ,,
10:36:14:524,0.01091458, ,,
10:36:14:614,0.01098453, ,,
10:36:14:724,0.011387971, ,,
10:36:14:834,0.011139707, ,,
10:36:14:944,0.010371938, ,,
10:36:15:044,0.010752782, ,,
10:36:15:154,0.010845853, ,,
10:36:15:264,0.011067325, ,,
10:36:15:404,0.011061238, ,,
10:36:15:484,0.011083765, ,,
10:36:15:594,0.01085256, ,,
10:36:15:704,0.011129364, ,,
10:36:15:814,0.011388582, ,,
10:36:15:924,0.011380664, ,,
10:36:16:034,0.010804529, ,,
10:36:16:144,0.011034522, ,,
10:36:16:254,0.011282098, ,,
10:36:16:364,0.011726195, ,,
10:36:16:504,0.011383106, ,,
10:36:16:584,0.01112693, ,,
10:36:16:694,0.011483476, ,,
10:36:16:804,0.011754191, ,,
10:36:16:904,0.011513922, ,,
10:36:17:014,0.011294885, ,,
10:36:17:124,0.011074033, ,,
10:36:17:234,0.010755895, ,,
10:36:17:344,0.011295495, ,,
10:36:17:454,0.011665386, ,,
10:36:17:604,0.010962138, ,,
10:36:17:674,0.010762585, ,,
10:36:17:784,0.010856876, ,,
10:36:17:894,0.011221893, ,,
10:36:18:004,0.0116599, ,,
10:36:18:114,0.011039387, ,,
10:36:18:224,0.010777125, ,,
10:36:18:334,0.011218238, ,,
10:36:18:444,0.011533398, ,,
10:36:18:544,0.011030256, ,,
10:36:18:704,0.011044264, ,,
10:36:18:764,0.010668285, ,,
10:36:18:874,0.01083808, ,,
10:36:18:984,0.01122859, ,,
10:36:19:094,0.011559513, ,,
10:36:19:204,0.011484698, ,,
10:36:19:314,0.010765638, ,,
10:36:19:424,0.011047307, ,,
10:36:19:534,0.011667269, ,,
10:36:19:644,0.011205451, ,,
10:36:19:994,0.010706574, ,,
10:36:20:014,0.011334998, ,,
10:36:20:084,0.011229811, ,,
10:36:20:194,0.010995554, ,,
10:36:20:304,0.011047231, ,,
10:36:20:414,0.011012604, ,,
10:36:20:514,0.010901934, ,,
10:36:20:624,0.011521835, ,,
10:36:20:734,0.011815613, ,,
10:36:20:904,0.011570476, ,,
10:36:20:954,0.010827727, ,,
10:36:21:064,0.011035742, ,,
10:36:21:174,0.011585695, ,,
10:36:21:284,0.011095398, ,,
10:36:21:394,0.010828949, ,,
10:36:21:504,0.010780229, ,,
10:36:21:614,0.011046095, ,,
10:36:21:724,0.011453716, ,,
10:36:21:834,0.010642102, ,,
10:36:22:004,0.010868382, ,,
10:36:22:044,0.010695018, ,,
10:36:22:154,0.010771638, ,,
10:36:22:264,0.010671878, ,,
10:36:22:374,0.011010162, ,,
10:36:22:484,0.010868993, ,,
10:36:22:594,0.010584878, ,,
10:36:22:704,0.01092311, ,,
10:36:22:814,0.010952338, ,,
10:36:22:924,0.010932854, ,,
10:36:23:104,0.010867229, ,,
10:36:23:234,0.010595902, ,,
10:36:23:254,0.010969447, ,,
10:36:23:364,0.011019302, ,,
10:36:23:474,0.010771036, ,,
10:36:23:584,0.010528335, ,,
10:36:23:694,0.010542953, ,,
10:36:23:804,0.010996164, ,,
10:36:23:904,0.010826454, ,,
10:36:24:014,0.010723625, ,,
10:36:24:204,0.010764967, ,,
10:36:24:234,0.010519806, ,,
10:36:24:344,0.01052346, ,,
10:36:24:454,0.011210869, ,,
10:36:24:564,0.01064022, ,,
10:36:24:674,0.010422402, ,,
10:36:24:784,0.01023265, ,,
10:36:24:894,0.010792955, ,,
10:36:25:004,0.010935896, ,,
10:36:25:114,0.010546598, ,,
10:36:25:494,0.011005906, ,,
10:36:25:514,0.011038175, ,,
10:36:25:554,0.011238942, ,,
10:36:25:654,0.011111778, ,,
10:36:25:764,0.010866618, ,,
10:36:25:874,0.010587991, ,,
10:36:25:984,0.011187189, ,,
10:36:26:094,0.01144885, ,,
10:36:26:204,0.011626418, ,,
10:36:26:404,0.011214524, ,,
10:36:26:424,0.01160457, ,,
10:36:26:534,0.011617887, ,,
10:36:26:644,0.011237662, ,,
10:36:26:754,0.010873256, ,,
10:36:26:864,0.010876911, ,,
10:36:26:974,0.010862294, ,,
10:36:27:084,0.011358135, ,,
10:36:27:194,0.011238882, ,,
10:36:27:304,0.010805742, ,,
10:36:27:504,0.010639669, ,,
10:36:27:524,0.011224935, ,,
10:36:27:624,0.011100816, ,,
10:36:27:734,0.011087418, ,,
10:36:27:844,0.010799653, ,,
10:36:27:954,0.010729705, ,,
10:36:28:064,0.01072666, ,,
10:36:28:174,0.011027822, ,,
10:36:28:284,0.011231024, ,,
10:36:28:394,0.01077347, ,,
10:36:28:604,0.010567896, ,,
10:36:28:624,0.010803307, ,,
10:36:28:724,0.011164738, ,,
10:36:28:834,0.010848956, ,,
10:36:28:944,0.010174274, ,,
10:36:29:054,0.010254575, ,,
10:36:29:164,0.010297732, ,,
10:36:29:264,0.010230826, ,,
10:36:29:374,0.010573375, ,,
10:36:29:484,0.010181583, ,,
10:36:29:704,0.010373218, ,,
10:36:29:724,0.009839707, ,,
10:36:29:814,0.010543555, ,,
10:36:29:924,0.010281954, ,,
10:36:30:034,0.010052038, ,,
10:36:30:144,0.010027077, ,,
10:36:30:254,0.010178538, ,,
10:36:30:364,0.010973102, ,,
10:36:30:474,0.010098849, ,,
10:36:30:584,0.010003327, ,,
10:36:30:994,0.009761779, ,,
10:36:31:014,0.010581226, ,,
10:36:31:124,0.010747306, ,,
10:36:31:234,0.010041015, ,,
10:36:31:344,0.010592798, ,,
10:36:31:454,0.01082097, ,,
10:36:31:564,0.01050641, ,,
10:36:31:674,0.010111575, ,,
10:36:31:904,0.010333658, ,,
10:36:31:924,0.010371335, ,,
10:36:32:004,0.010693196, ,,
10:36:32:114,0.010353064, ,,
10:36:32:224,0.010143778, ,,
10:36:32:334,0.010461981, ,,
10:36:32:444,0.01080453, ,,
10:36:32:544,0.010622035, ,,
10:36:32:654,0.010849509, ,,
10:36:32:764,0.010791744, ,,
10:36:32:874,0.010524071, ,,
10:36:33:014,0.010856266, ,,
10:36:33:094,0.011065504, ,,
10:36:33:204,0.010761984, ,,
10:36:33:314,0.010498498, ,,
10:36:33:424,0.010246666, ,,
10:36:33:534,0.010744931, ,,
10:36:33:644,0.011060636, ,,
10:36:33:754,0.010678027, ,,
10:36:33:864,0.01030266, ,,
10:36:33:974,0.010687167, ,,
10:36:34:114,0.010994944, ,,
10:36:34:194,0.011159862, ,,
10:36:34:294,0.011139769, ,,
10:36:34:404,0.010422463, ,,
10:36:34:514,0.010632362, ,,
10:36:34:624,0.011133682, ,,
10:36:34:734,0.011661793, ,,
10:36:34:844,0.011566822, ,,
10:36:34:954,0.011129424, ,,
10:36:35:064,0.011333235, ,,
10:36:35:204,0.01186311, ,,
10:36:35:284,0.011835105, ,,
10:36:35:394,0.011566213, ,,
10:36:35:504,0.011243818, ,,
10:36:35:614,0.011277842, ,,
10:36:35:724,0.011917831, ,,
10:36:35:834,0.011535231, ,,
10:36:35:944,0.010937789, ,,
10:36:36:054,0.010946922, ,,
10:36:36:164,0.011167722, ,,
10:36:36:494,0.01093042, ,,
10:36:36:514,0.011477327, ,,
10:36:36:594,0.011047307, ,,
10:36:36:704,0.011220009, ,,
10:36:36:814,0.01167634, ,,
10:36:36:924,0.011685404, ,,
10:36:37:034,0.01148768, ,,
10:36:37:144,0.01139406, ,,
10:36:37:254,0.011165898, ,,
10:36:37:404,0.011117849, ,,
10:36:37:474,0.011079509, ,,
10:36:37:584,0.01060199, ,,
10:36:37:684,0.010406099, ,,
10:36:37:794,0.010206477, ,,
10:36:37:904,0.010725447, ,,
10:36:38:014,0.010733978, ,,
10:36:38:124,0.010880625, ,,
10:36:38:234,0.010112244, ,,
10:36:38:344,0.01030388, ,,
10:36:38:504,0.00995889, ,,
10:36:38:564,0.010708396, ,,
10:36:38:674,0.010159656, ,,
10:36:38:784,0.010293466, ,,
10:36:38:894,0.010600769, ,,
10:36:39:004,0.010731536, ,,
10:36:39:114,0.010855655, ,,
10:36:39:224,0.010204111, ,,
10:36:39:334,0.010403658, ,,
10:36:39:444,0.010615998, ,,
10:36:39:604,0.011043051, ,,
10:36:39:654,0.011411644, ,,
10:36:39:764,0.010973042, ,,
10:36:39:874,0.010332444, ,,
10:36:39:984,0.010318437, ,,
10:36:40:094,0.010811227, ,,
10:36:40:204,0.011015647, ,,
10:36:40:314,0.01068954, ,,
10:36:40:424,0.010415781, ,,
10:36:40:534,0.010945647, ,,
10:36:40:704,0.011342907, ,,
10:36:40:754,0.011234067, ,,
10:36:40:864,0.010653065, ,,
10:36:40:974,0.01094692, ,,
10:36:41:084,0.011516967, ,,
10:36:41:184,0.011349004, ,,
10:36:41:294,0.011405609, ,,
10:36:41:404,0.011147687, ,,
10:36:41:514,0.010754064, ,,
10:36:41:624,0.010769816, ,,
10:36:41:994,0.010735793, ,,
10:36:42:014,0.011198754, ,,
10:36:42:064,0.01104122, ,,
10:36:42:174,0.011114815, ,,
10:36:42:284,0.011341687, ,,
10:36:42:394,0.011153715, ,,
10:36:42:514,0.010888475, ,,
10:36:42:614,0.010877513, ,,
10:36:42:724,0.011576555, ,,
10:36:42:904,0.01137762, ,,
10:36:42:944,0.011426314, ,,
10:36:43:054,0.01126749, ,,
10:36:43:164,0.011599702, ,,
10:36:43:264,0.011415358, ,,
10:36:43:374,0.011866764, ,,
10:36:43:484,0.011691551, ,,
10:36:43:594,0.010803918, ,,
10:36:43:704,0.010331894, ,,
10:36:43:814,0.010477872, ,,
10:36:44:004,0.009899302, ,,
10:36:44:034,0.010316665, ,,
10:36:44:144,0.010374431, ,,
10:36:44:254,0.010901933, ,,
10:36:44:364,0.011152554, ,,
10:36:44:474,0.011363673, ,,
10:36:44:584,0.010831991, ,,
10:36:44:694,0.01077292, ,,
10:36:44:794,0.010937178, ,,
10:36:44:904,0.011240164, ,,
10:36:45:104,0.011257825, ,,
10:36:45:224,0.011554035, ,,
10:36:45:254,0.011967134, ,,
10:36:45:344,0.011045485, ,,
10:36:45:454,0.011303414, ,,
10:36:45:564,0.011860676, ,,
10:36:45:674,0.01139412, ,,
10:36:45:784,0.011512702, ,,
10:36:45:894,0.011399606, ,,
10:36:46:004,0.012119207, ,,
10:36:46:204,0.011600914, ,,
10:36:46:234,0.011595438, ,,
10:36:46:334,0.011659962, ,,
10:36:46:434,0.011333836, ,,
10:36:46:544,0.011768802, ,,
10:36:46:654,0.011947727, ,,
10:36:46:764,0.01178463, ,,
10:36:46:874,0.011391687, ,,
10:36:46:984,0.011241986, ,,
10:36:47:094,0.011712858, ,,
10:36:47:494,0.011229202, ,,
10:36:47:514,0.011381334, ,,
10:36:47:534,0.011806556, ,,
10:36:47:644,0.011737829, ,,
10:36:47:754,0.011680065, ,,
10:36:47:864,0.011790116, ,,
10:36:47:974,0.011291849, ,,
10:36:48:084,0.011835105, ,,
10:36:48:194,0.012107642, ,,
10:36:48:404,0.011708595, ,,
10:36:48:424,0.012118598, ,,
10:36:48:514,0.011720167, ,,
10:36:48:624,0.011650158, ,,
10:36:48:734,0.011747571, ,,
10:36:48:844,0.012031598, ,,
10:36:48:954,0.01135387, ,,
10:36:49:064,0.011232855, ,,
10:36:49:174,0.011821087, ,,
10:36:49:284,0.011739042, ,,
10:36:49:504,0.010839765, ,,
10:36:49:524,0.011568033, ,,
10:36:49:614,0.010786256, ,,
10:36:49:724,0.011331953, ,,
10:36:49:834,0.01158143, ,,
10:36:49:934,0.011432342, ,,
10:36:50:044,0.011330731, ,,
10:36:50:154,0.010949902, ,,
10:36:50:264,0.011033302, ,,
10:36:50:374,0.011490725, ,,
10:36:50:604,0.010992509, ,,
10:36:50:624,0.011220009, ,,
10:36:50:704,0.01065727, ,,
10:36:50:814,0.011062458, ,,
10:36:50:924,0.01158143, ,,
10:36:51:034,0.01117442, ,,
10:36:51:144,0.010942595, ,,
10:36:51:254,0.010894573, ,,
10:36:51:364,0.011149458, ,,
10:36:51:474,0.011616065, ,,
10:36:51:704,0.0115364, ,,
10:36:51:724,0.011139106, ,,
10:36:51:794,0.010833154, ,,
10:36:51:904,0.011068546, ,,
10:36:52:014,0.011261393, ,,
10:36:52:124,0.011184162, ,,
10:36:52:234,0.010642051, ,,
10:36:52:344,0.010301997, ,,
10:36:52:454,0.011187816, ,,
10:36:52:564,0.011521171, ,,
10:36:52:674,0.011263835, ,,
10:36:53:004,0.01124503, ,,
10:36:53:024,0.010999207, ,,
10:36:53:114,0.01197931, ,,
10:36:53:224,0.011631345, ,,
10:36:53:334,0.011187258, ,,
10:36:53:444,0.0114391, ,,
10:36:53:554,0.011941631, ,,
10:36:53:654,0.011836316, ,,
10:36:53:764,0.011829618, ,,
10:36:53:909,0.011391678, ,,
10:36:53:989,0.011223113, ,,
10:36:54:099,0.01156499, ,,
10:36:54:209,0.011482866, ,,
10:36:54:319,0.011091736, ,,
10:36:54:419,0.011281489, ,,
10:36:54:529,0.010677416, ,,
10:36:54:639,0.010912207, ,,
10:36:54:749,0.011366106, ,,
10:36:54:859,0.011164127, ,,
10:36:55:009,0.010607416, ,,
10:36:55:079,0.010643262, ,,
10:36:55:189,0.011050274, ,,
10:36:55:299,0.011462176, ,,
10:36:55:409,0.011111167, ,,
10:36:55:519,0.010916413, ,,
10:36:55:629,0.011081942, ,,
10:36:55:739,0.011474886, ,,
10:36:55:849,0.011547329, ,,
10:36:55:959,0.011098984, ,,
10:36:56:109,0.010960927, ,,
10:36:56:169,0.011006516, ,,
10:36:56:279,0.010996164, ,,
10:36:56:389,0.01128454, ,,
10:36:56:499,0.011405616, ,,
10:36:56:609,0.010827727, ,,
10:36:56:719,0.011113662, ,,
10:36:56:829,0.011265047, ,,
10:36:56:939,0.011417791, ,,
10:36:57:049,0.011414138, ,,
10:36:57:209,0.011990824, ,,
10:36:57:269,0.011314378, ,,
10:36:57:379,0.011693925, ,,
10:36:57:489,0.011630073, ,,
10:36:57:599,0.01105515, ,,
10:36:57:709,0.011064282, ,,
10:36:57:819,0.011063069, ,,
10:36:57:929,0.011717062, ,,
10:36:58:039,0.011305238, ,,
10:36:58:139,0.011442702, ,,
10:36:58:489,0.011010774, ,,
10:36:58:509,0.011408653, ,,
10:36:58:579,0.011827787, ,,
10:36:58:689,0.011277835, ,,
10:36:58:799,0.010886104, ,,
10:36:58:909,0.01073397, ,,
10:36:59:019,0.011529144, ,,
10:36:59:129,0.011535842, ,,
10:36:59:239,0.011404387, ,,
10:36:59:409,0.011161024, ,,
10:36:59:459,0.011278445, ,,
10:36:59:569,0.011623976, ,,
10:36:59:679,0.011296107, ,,
10:36:59:789,0.011238884, ,,
10:36:59:899,0.011045407, ,,
10:36:59:999,0.010980325, ,,
10:37:00:109,0.011283922, ,,
10:37:00:219,0.011560124, ,,
10:37:00:329,0.011435996, ,,
10:37:00:509,0.010589205, ,,
10:37:00:549,0.01111117, ,,
10:37:00:659,0.011538807, ,,
10:37:00:769,0.011510871, ,,
10:37:00:890,0.010923774, ,,
10:37:00:989,0.011366046, ,,
10:37:01:099,0.011317413, ,,
10:37:01:209,0.011488954, ,,
10:37:01:319,0.011276614, ,,
10:37:01:419,0.011591174, ,,
10:37:01:609,0.010940162, ,,
10:37:01:639,0.010755835, ,,
10:37:01:749,0.011193826, ,,
10:37:01:859,0.011637984, ,,
10:37:01:969,0.011122656, ,,
10:37:02:079,0.010855605, ,,
10:37:02:189,0.010803918, ,,
10:37:02:299,0.011644682, ,,
10:37:02:409,0.011511431, ,,
10:37:02:519,0.011004074, ,,
10:37:02:709,0.011470682, ,,
10:37:02:739,0.011554638, ,,
10:37:02:849,0.011729302, ,,
10:37:02:959,0.011106355, ,,
10:37:03:069,0.01084226, ,,
10:37:03:179,0.011362453, ,,
10:37:03:279,0.011000422, ,,
10:37:03:389,0.011650822, ,,
10:37:03:499,0.011850926, ,,
10:37:03:609,0.011453709, ,,
10:37:03:989,0.011190225, ,,
10:37:04:019,0.011330124, ,,
10:37:04:049,0.011631287, ,,
10:37:04:159,0.011001644, ,,
10:37:04:269,0.011307673, ,,
10:37:04:379,0.011631287, ,,
10:37:04:489,0.011691545, ,,
10:37:04:599,0.011333167, ,,
10:37:04:709,0.01123468, ,,
10:37:04:909,0.010869665, ,,
10:37:04:929,0.011517571, ,,
10:37:05:029,0.011739654, ,,
10:37:05:139,0.011830222, ,,
10:37:05:249,0.01115621, ,,
10:37:05:359,0.010934127, ,,
10:37:05:469,0.010679851, ,,
10:37:05:579,0.011541242, ,,
10:37:05:689,0.011181782, ,,
10:37:05:799,0.010994335, ,,
10:37:06:010,0.010500322, ,,
10:37:06:029,0.011147078, ,,
10:37:06:129,0.01132168, ,,
10:37:06:239,0.011014429, ,,
10:37:06:349,0.010764418, ,,
10:37:06:459,0.011051498, ,,
10:37:06:559,0.01066342, ,,
10:37:06:669,0.011134902, ,,
10:37:06:779,0.011434845, ,,
10:37:06:890,0.010817927, ,,
10:37:07:109,0.010983371, ,,
10:37:07:129,0.01085073, ,,
10:37:07:239,0.010499713, ,,
10:37:07:330,0.010508844, ,,
10:37:07:439,0.010357382, ,,
10:37:07:550,0.010338525, ,,
10:37:07:659,0.010673764, ,,
10:37:07:770,0.010533814, ,,
10:37:07:880,0.010171232, ,,
10:37:07:989,0.009660781, ,,
10:37:08:210,0.009981428, ,,
10:37:08:229,0.009797635, ,,
10:37:08:310,0.01011585, ,,
10:37:08:419,0.010108541, ,,
10:37:08:529,0.009581037, ,,
10:37:08:640,0.009172256, ,,
10:37:08:749,0.009869407, ,,
10:37:08:860,0.010177878, ,,
10:37:08:969,0.009789114, ,,
10:37:09:079,0.009477066, ,,
10:37:09:490,0.00908046, ,,
10:37:09:520,0.009138835, ,,
10:37:09:550,0.0094552, ,,
10:37:09:630,0.009034183, ,,
10:37:09:740,0.009494169, ,,
10:37:09:850,0.00994124, ,,
10:37:09:960,0.009735048, ,,
10:37:10:060,0.010089719, ,,
10:37:10:170,0.009366929, ,,
10:37:10:280,0.009522716, ,,
10:37:10:420,0.009727076, ,,
10:37:10:500,0.009881644, ,,
10:37:10:610,0.009524479, ,,
10:37:10:720,0.009240366, ,,
10:37:10:830,0.009494108, ,,
10:37:10:940,0.010115833, ,,
10:37:11:050,0.009952195, ,,
10:37:11:160,0.009713748, ,,
10:37:11:270,0.009517779, ,,
10:37:11:380,0.010114621, ,,
10:37:11:520,0.009927844, ,,
10:37:11:600,0.009920002, ,,
10:37:11:710,0.009806829, ,,
10:37:11:820,0.009532458, ,,
10:37:11:930,0.010154793, ,,
10:37:12:030,0.010115292, ,,
10:37:12:140,0.010190106, ,,
10:37:12:250,0.009850663, ,,
10:37:12:360,0.009179617, ,,
10:37:12:470,0.00928305, ,,
10:37:12:610,0.009856683, ,,
10:37:12:690,0.009834834, ,,
10:37:12:800,0.009255044, ,,
10:37:12:910,0.009356653, ,,
10:37:13:020,0.010102506, ,,
10:37:13:130,0.010160881, ,,
10:37:13:240,0.009824482, ,,
10:37:13:350,0.009663215, ,,
10:37:13:460,0.009814739, ,,
10:37:13:560,0.009619459, ,,
10:37:13:710,0.010098851, ,,
10:37:13:780,0.009758796, ,,
10:37:13:890,0.009575073, ,,
10:37:14:000,0.009023829, ,,
10:37:14:121,0.009996631, ,,
10:37:14:221,0.009713147, ,,
10:37:14:331,0.009438149, ,,
10:37:14:441,0.009223393, ,,
10:37:14:551,0.00928305, ,,
10:37:14:661,0.009447281, ,,
10:37:14:991,0.009200254, ,,
10:37:15:021,0.009568383, ,,
10:37:15:101,0.009410772, ,,
10:37:15:211,0.00958779, ,,
10:37:15:311,0.0093925, ,,
10:37:15:421,0.009656517, ,,
10:37:15:531,0.009693663, ,,
10:37:15:641,0.009439311, ,,
10:37:15:751,0.009314641, ,,
10:37:15:911,0.009481324, ,,
10:37:15:971,0.009731944, ,,
10:37:16:081,0.009172249, ,,
10:37:16:191,0.009529416, ,,
10:37:16:301,0.009763612, ,,
10:37:16:411,0.009610929, ,,
10:37:16:521,0.008991577, ,,
10:37:16:631,0.009211218, ,,
10:37:16:741,0.009478889, ,,
10:37:16:851,0.009556809, ,,
10:37:17:011,0.009087692, ,,
10:37:17:071,0.009294547, ,,
10:37:17:181,0.009267831, ,,
10:37:17:281,0.008882051, ,,
10:37:17:391,0.009357264, ,,
10:37:17:501,0.009677224, ,,
10:37:17:611,0.009343868, ,,
10:37:17:721,0.009342036, ,,
10:37:17:831,0.009260523, ,,
10:37:17:941,0.009972902, ,,
10:37:18:111,0.009317685, ,,
10:37:18:161,0.009217366, ,,
10:37:18:271,0.009189971, ,,
10:37:18:381,0.009476516, ,,
10:37:18:491,0.009735659, ,,
10:37:18:591,0.009596922, ,,
10:37:18:701,0.009556809, ,,
10:37:18:811,0.009281228, ,,
10:37:18:921,0.009073763, ,,
10:37:19:031,0.009475906, ,,
10:37:19:211,0.010078146, ,,
10:37:19:251,0.009678445, ,,
10:37:19:361,0.009383369, ,,
10:37:19:471,0.009331081, ,,
10:37:19:581,0.009662605, ,,
10:37:19:691,0.009727138, ,,
10:37:19:801,0.0092982, ,,
10:37:19:911,0.009089514, ,,
10:37:20:021,0.009440593, ,,
10:37:20:131,0.009551332, ,,
10:37:20:491,0.009637722, ,,
10:37:20:521,0.009179009, ,,
10:37:20:561,0.009146755, ,,
10:37:20:671,0.009711936, ,,
10:37:20:781,0.009995438, ,,
10:37:20:891,0.009676011, ,,
10:37:21:001,0.009396156, ,,
10:37:21:111,0.009283059, ,,
10:37:21:221,0.009998456, ,,
10:37:21:411,0.008789048, ,,
10:37:21:441,0.008950236, ,,
10:37:21:551,0.0088529, ,,
10:37:21:661,0.009322561, ,,
10:37:21:771,0.009661394, ,,
10:37:21:881,0.009020787, ,,
10:37:21:991,0.008874827, ,,
10:37:22:101,0.009351176, ,,
10:37:22:211,0.009327427, ,,
10:37:22:321,0.009632855, ,,
10:37:22:511,0.009273308, ,,
10:37:22:531,0.009107786, ,,
10:37:22:641,0.008918033, ,,
10:37:22:751,0.009562296, ,,
10:37:22:861,0.009801953, ,,
10:37:22:971,0.00940833, ,,
10:37:23:081,0.009162567, ,,
10:37:23:191,0.009154648, ,,
10:37:23:301,0.00962798, ,,
10:37:23:411,0.009749665, ,,
10:37:23:611,0.009441194, ,,
10:37:23:631,0.009079849, ,,
10:37:23:741,0.009357264, ,,
10:37:23:841,0.009021389, ,,
10:37:23:951,0.009327427, ,,
10:37:24:061,0.009623105, ,,
10:37:24:171,0.009395544, ,,
10:37:24:281,0.009646225, ,,
10:37:24:391,0.009831791, ,,
10:37:24:501,0.009831791, ,,
10:37:24:711,0.010269188, ,,
10:37:24:731,0.010034381, ,,
10:37:24:831,0.009466156, ,,
10:37:24:941,0.010109196, ,,
10:37:25:051,0.009789159, ,,
10:37:25:161,0.00958718, ,,
10:37:25:271,0.008933193, ,,
10:37:25:381,0.00952515, ,,
10:37:25:491,0.009920613, ,,
10:37:25:601,0.009449114, ,,
10:37:25:991,0.009935764, ,,
10:37:26:021,0.009559802, ,,
10:37:26:051,0.009286653, ,,
10:37:26:141,0.009489853, ,,
10:37:26:251,0.009351116, ,,
10:37:26:361,0.009006195, ,,
10:37:26:471,0.009377892, ,,
10:37:26:581,0.009795205, ,,
10:37:26:691,0.009763613, ,,
10:37:26:911,0.009299361, ,,
10:37:26:941,0.009038387, ,,
10:37:27:021,0.009466104, ,,
10:37:27:131,0.009858506, ,,
10:37:27:241,0.009844525, ,,
10:37:27:351,0.009381546, ,,
10:37:27:461,0.009575615, ,,
10:37:27:561,0.009287263, ,,
10:37:27:671,0.009504471, ,,
10:37:27:781,0.009832951, ,,
10:37:28:011,0.009599355, ,,
10:37:28:031,0.009452708, ,,
10:37:28:111,0.009859718, ,,
10:37:28:221,0.010025799, ,,
10:37:28:331,0.00995585, ,,
10:37:28:441,0.009546466, ,,
10:37:28:551,0.00915703, ,,
10:37:28:661,0.009588402, ,,
10:37:28:771,0.010375045, ,,
10:37:28:881,0.00964503, ,,
10:37:29:111,0.009865806, ,,
10:37:29:241,0.009575082, ,,
10:37:29:311,0.009882246, ,,
10:37:29:421,0.009798911, ,,
10:37:29:531,0.00909378, ,,
10:37:29:641,0.008920408, ,,
10:37:29:751,0.009164941, ,,
10:37:29:861,0.009634067, ,,
10:37:29:971,0.009438778, ,,
10:37:30:081,0.009179558, ,,
10:37:30:221,0.00892407, ,,
10:37:30:301,0.009236772, ,,
10:37:30:411,0.00954159, ,,
10:37:30:521,0.009492897, ,,
10:37:30:631,0.009418683, ,,
10:37:30:741,0.009382758, ,,
10:37:30:841,0.009506904, ,,
10:37:30:951,0.009414427, ,,
10:37:31:061,0.009858583, ,,
10:37:31:181,0.009178947, ,,
10:37:31:511,0.009527583, ,,
10:37:31:531,0.009913915, ,,
10:37:31:611,0.009842143, ,,
10:37:31:721,0.009012343, ,,
10:37:31:831,0.009217917, ,,
10:37:31:941,0.009823269, ,,
10:37:32:051,0.009340214, ,,
10:37:32:161,0.009260522, ,,
10:37:32:271,0.009302466, ,,
10:37:32:411,0.009723484, ,,
10:37:32:491,0.009935755, ,,
10:37:32:601,0.009732615, ,,
10:37:32:711,0.009284271, ,,
10:37:32:811,0.009199103, ,,
10:37:32:921,0.00952393, ,,
10:37:33:031,0.009687568, ,,
10:37:33:139,0.01012016, ,,
10:37:33:251,0.009905386, ,,
10:37:33:359,0.009822048, ,,
10:37:33:509,0.010409758, ,,
10:37:33:579,0.010076934, ,,
10:37:33:689,0.01017611, ,,
10:37:33:799,0.009873124, ,,
10:37:33:909,0.009641987, ,,
10:37:34:019,0.009684533, ,,
10:37:34:129,0.010405493, ,,
10:37:34:239,0.010012403, ,,
10:37:34:349,0.009522106, ,,
10:37:34:459,0.009544024, ,,
10:37:34:609,0.010107993, ,,
10:37:34:669,0.009573869, ,,
10:37:34:779,0.010563636, ,,
10:37:34:889,0.009655978, ,,
10:37:34:999,0.009524549, ,,
10:37:35:109,0.009812307, ,,
10:37:35:219,0.009724094, ,,
10:37:35:329,0.00988652, ,,
10:37:35:439,0.009483826, ,,
10:37:35:549,0.009264186, ,,
10:37:35:710,0.009772804, ,,
10:37:35:769,0.009782547, ,,
10:37:35:880,0.009670525, ,,
10:37:35:990,0.009094391, ,,
10:37:36:100,0.0093049, ,,
10:37:36:209,0.009647387, ,,
10:37:36:320,0.009678445, ,,
10:37:36:430,0.009122396, ,,
10:37:36:530,0.009488083, ,,
10:37:36:640,0.00913458, ,,
10:37:36:990,0.010162714, ,,
10:37:37:019,0.0095027, ,,
10:37:37:079,0.009519674, ,,
10:37:37:189,0.009534902, ,,
10:37:37:300,0.010076934, ,,
10:37:37:409,0.010223531, ,,
10:37:37:519,0.009870691, ,,
10:37:37:629,0.009576227, ,,
10:37:37:740,0.009562907, ,,
10:37:37:910,0.00964314, ,,
10:37:37:960,0.009744732, ,,
10:37:38:059,0.010137074, ,,
10:37:38:169,0.00950865, ,,
10:37:38:290,0.009496552, ,,
10:37:38:390,0.009725857, ,,
10:37:38:499,0.009862712, ,,
10:37:38:609,0.009826253, ,,
10:37:38:719,0.009701575, ,,
10:37:38:829,0.009632787, ,,
10:37:39:009,0.010190718, ,,
10:37:39:049,0.010016058, ,,
10:37:39:159,0.009907827, ,,
10:37:39:269,0.009808042, ,,
10:37:39:380,0.009890166, ,,
10:37:39:489,0.010175492, ,,
10:37:39:600,0.01004163, ,,
10:37:39:710,0.009510533, ,,
10:37:39:810,0.009974113, ,,
10:37:39:920,0.00953915, ,,
10:37:40:110,0.010497291, ,,
10:37:40:140,0.010665795, ,,
10:37:40:250,0.010465641, ,,
10:37:40:360,0.010062343, ,,
10:37:40:470,0.010434591, ,,
10:37:40:580,0.010622649, ,,
10:37:40:690,0.011064286, ,,
10:37:40:800,0.010309912, ,,
10:37:40:910,0.010508245, ,,
10:37:41:020,0.010904318, ,,
10:37:41:210,0.010969453, ,,
10:37:41:240,0.011001645, ,,
10:37:41:350,0.010611745, ,,
10:37:41:460,0.010758944, ,,
10:37:41:560,0.010904378, ,,
10:37:41:670,0.01105339, ,,
10:37:41:780,0.011560127, ,,
10:37:41:890,0.011271149, ,,
10:37:42:000,0.010314847, ,,
10:37:42:110,0.0106227, ,,
10:37:42:490,0.011075853, ,,
10:37:42:520,0.011237666, ,,
10:37:42:550,0.01087996, ,,
10:37:42:660,0.010794182, ,,
10:37:42:770,0.011021742, ,,
10:37:42:880,0.011017476, ,,
10:37:42:990,0.010796615, ,,
10:37:43:100,0.010955998, ,,
10:37:43:210,0.011287582, ,,
10:37:43:420,0.010829555, ,,
10:37:43:540,0.010877586, ,,
10:37:43:640,0.010421858, ,,
10:37:43:750,0.011157434, ,,
10:37:43:860,0.011068611, ,,
10:37:43:970,0.011521238, ,,
10:37:44:080,0.011318638, ,,
10:37:44:190,0.011041225, ,,
10:37:44:300,0.011542467, ,,
10:37:44:510,0.011596655, ,,
10:37:44:530,0.011370926, ,,
10:37:44:630,0.01091708, ,,
10:37:44:740,0.011250513, ,,
10:37:44:850,0.01149748, ,,
10:37:44:960,0.011701902, ,,
10:37:45:060,0.01150601, ,,
10:37:45:170,0.011159256, ,,
10:37:45:280,0.010683509, ,,
10:37:45:390,0.010967622, ,,
10:37:45:610,0.011398253, ,,
10:37:45:640,0.01163982, ,,
10:37:45:720,0.010814276, ,,
10:37:45:830,0.010767389, ,,
10:37:45:940,0.0112152, ,,
10:37:46:050,0.011583878, ,,
10:37:46:160,0.010710235, ,,
10:37:46:270,0.010672555, ,,
10:37:46:380,0.011005302, ,,
10:37:46:490,0.011308287, ,,
10:37:46:710,0.010632916, ,,
10:37:46:750,0.010960262, ,,
10:37:46:820,0.010847078, ,,
10:37:46:930,0.011445751, ,,
10:37:47:040,0.011648951, ,,
10:37:47:140,0.010947476, ,,
10:37:47:250,0.01078627, ,,
10:37:47:360,0.010180315, ,,
10:37:47:470,0.010579407, ,,
10:37:47:580,0.011353876, ,,
10:37:47:990,0.011033316, ,,
10:37:48:020,0.01104366, ,,
10:37:48:130,0.011219466, ,,
10:37:48:240,0.010904984, ,,
10:37:48:350,0.010271023, ,,
10:37:48:460,0.009954641, ,,
10:37:48:560,0.010371394, ,,
10:37:48:670,0.01032337, ,,
10:37:48:780,0.010385401, ,,
10:37:48:920,0.009742308, ,,
10:37:49:000,0.00995403, ,,
10:37:49:110,0.010343406, ,,
10:37:49:220,0.010543562, ,,
10:37:49:330,0.01058977, ,,
10:37:49:440,0.009988132, ,,
10:37:49:550,0.009983868, ,,
10:37:49:660,0.010547826, ,,
10:37:49:770,0.01101139, ,,
10:37:49:880,0.010562366, ,,
10:37:50:020,0.010412133, ,,
10:37:50:100,0.010672496, ,,
10:37:50:210,0.011112998, ,,
10:37:50:320,0.011094125, ,,
10:37:50:430,0.010732093, ,,
10:37:50:530,0.010741835, ,,
10:37:50:640,0.010653622, ,,
10:37:50:750,0.010853778, ,,
10:37:50:860,0.010661542, ,,
10:37:50:970,0.010754018, ,,
10:37:51:110,0.010400008, ,,
10:37:51:190,0.010336086, ,,
10:37:51:300,0.010704138, ,,
10:37:51:410,0.010879411, ,,
10:37:51:520,0.010283121, ,,
10:37:51:630,0.010138966, ,,
10:37:51:740,0.009942456, ,,
10:37:51:850,0.010692031, ,,
10:37:51:960,0.010016059, ,,
10:37:52:060,0.00979708, ,,
10:37:52:210,0.009682703, ,,
10:37:52:280,0.009770976, ,,
10:37:52:390,0.009888948, ,,
10:37:52:500,0.010501542, ,,
10:37:52:610,0.009974116, ,,
10:37:52:720,0.009426605, ,,
10:37:52:830,0.010034994, ,,
10:37:52:940,0.010275279, ,,
10:37:53:050,0.010265538, ,,
10:37:53:160,0.010323362, ,,
10:37:53:490,0.009685747, ,,
10:37:53:510,0.01005625, ,,
10:37:53:600,0.010053205, ,,
10:37:53:710,0.009486812, ,,
10:37:53:810,0.009610321, ,,
10:37:53:930,0.010625136, ,,
10:37:54:030,0.010401841, ,,
10:37:54:140,0.010490586, ,,
10:37:54:260,0.009579873, ,,
10:37:54:410,0.010370782, ,,
10:37:54:470,0.009768543, ,,
10:37:54:580,0.010292312, ,,
10:37:54:690,0.010255854, ,,
10:37:54:800,0.010202286, ,,
10:37:54:910,0.010168193, ,,
10:37:55:020,0.010470568, ,,
10:37:55:130,0.010611127, ,,
10:37:55:240,0.010357386, ,,
10:37:55:350,0.009706504, ,,
10:37:55:510,0.010437697, ,,
10:37:55:560,0.009840934, ,,
10:37:55:670,0.010417671, ,,
10:37:55:780,0.010196206, ,,
10:37:55:890,0.009730796, ,,
10:37:56:000,0.00961033, ,,
10:37:56:110,0.009892611, ,,
10:37:56:220,0.010427955, ,,
10:37:56:330,0.010207161, ,,
10:37:56:440,0.009630416, ,,
10:37:56:610,0.009615807, ,,
10:37:56:660,0.010485186, ,,
10:37:56:770,0.010395753, ,,
10:37:56:880,0.009520887, ,,
10:37:56:990,0.009049412, ,,
10:37:57:100,0.009912705, ,,
10:37:57:210,0.010184022, ,,
10:37:57:310,0.01007876, ,,
10:37:57:420,0.010044133, ,,
10:37:57:530,0.009636502, ,,
10:37:57:710,0.009606065, ,,
10:37:57:750,0.010299011, ,,
10:37:57:860,0.010506424, ,,
10:37:57:970,0.010086069, ,,
10:37:58:080,0.01019925, ,,
10:37:58:190,0.010093988, ,,
10:37:58:300,0.010812455, ,,
10:37:58:410,0.010488764, ,,
10:37:58:540,0.010292923, ,,
10:37:58:630,0.010557551, ,,
10:37:58:989,0.010615394, ,,
10:37:59:039,0.011101434, ,,
10:37:59:069,0.010798447, ,,
10:37:59:209,0.010632978, ,,
10:37:59:339,0.010609916, ,,
10:37:59:439,0.010616004, ,,
10:37:59:549,0.010443784, ,,
10:37:59:659,0.010485186, ,,
10:37:59:769,0.011007134, ,,
10:37:59:909,0.01065971, ,,
10:37:59:989,0.010460826, ,,
10:38:00:099,0.01052529, ,,
10:38:00:209,0.010912765, ,,
10:38:00:319,0.010909722, ,,
10:38:00:429,0.01044743, ,,
10:38:00:539,0.010262493, ,,
10:38:00:649,0.01102844, ,,
10:38:00:749,0.010410912, ,,
10:38:00:859,0.010937726, ,,
10:38:01:002,0.010805806, ,,
10:38:01:082,0.010432821, ,,
10:38:01:192,0.01013539, ,,
10:38:01:302,0.010942051, ,,
10:38:01:412,0.010491867, ,,
10:38:01:524,0.010104942, ,,
10:38:01:625,0.009930891, ,,
10:38:01:735,0.010390877, ,,
10:38:01:845,0.010631755, ,,
10:38:01:955,0.010690818, ,,
10:38:02:105,0.010111589, ,,
10:38:02:175,0.010429778, ,,
10:38:02:285,0.010437697, ,,
10:38:02:395,0.010549658, ,,
10:38:02:505,0.010490595, ,,
10:38:02:615,0.010702926, ,,
10:38:02:725,0.010438298, ,,
10:38:02:835,0.010783227, ,,
10:38:02:945,0.010582462, ,,
10:38:03:045,0.011004693, ,,
10:38:03:205,0.01055087, ,,
10:38:03:275,0.010434042, ,,
10:38:03:375,0.010636022, ,,
10:38:03:485,0.011274195, ,,
10:38:03:595,0.011485315, ,,
10:38:03:705,0.011406785, ,,
10:38:03:815,0.010496071, ,,
10:38:03:925,0.01064333, ,,
10:38:04:035,0.010769222, ,,
10:38:04:145,0.011056378, ,,
10:38:04:495,0.010107986, ,,
10:38:04:515,0.010421858, ,,
10:38:04:585,0.010473002, ,,
10:38:04:685,0.010378092, ,,
10:38:04:795,0.010530836, ,,
10:38:04:905,0.010410973, ,,
10:38:05:015,0.010123206, ,,
10:38:05:125,0.01035252, ,,
10:38:05:235,0.01058738, ,,
10:38:05:405,0.010291101, ,,
10:38:05:455,0.009649822, ,,
10:38:05:565,0.010194376, ,,
10:38:05:675,0.010747371, ,,
10:38:05:785,0.010645764, ,,
10:38:05:895,0.010006987, ,,
10:38:06:007,0.010090325, ,,
10:38:06:107,0.009916962, ,,
10:38:06:217,0.010213172, ,,
10:38:06:327,0.01046326, ,,
10:38:06:507,0.009892001, ,,
10:38:06:547,0.009700364, ,,
10:38:06:657,0.010420646, ,,
10:38:06:767,0.010173671, ,,
10:38:06:877,0.010239362, ,,
10:38:06:987,0.009898699, ,,
10:38:07:097,0.010389055, ,,
